[
{
    "model": "auth.permission",
    "pk": 1,
    "fields": {
        "name": "Can add log entry",
        "content_type": 1,
        "codename": "add_logentry"
    }
},
{
    "model": "auth.permission",
    "pk": 2,
    "fields": {
        "name": "Can change log entry",
        "content_type": 1,
        "codename": "change_logentry"
    }
},
{
    "model": "auth.permission",
    "pk": 3,
    "fields": {
        "name": "Can delete log entry",
        "content_type": 1,
        "codename": "delete_logentry"
    }
},
{
    "model": "auth.permission",
    "pk": 4,
    "fields": {
        "name": "Can view log entry",
        "content_type": 1,
        "codename": "view_logentry"
    }
},
{
    "model": "auth.permission",
    "pk": 5,
    "fields": {
        "name": "Can add permission",
        "content_type": 2,
        "codename": "add_permission"
    }
},
{
    "model": "auth.permission",
    "pk": 6,
    "fields": {
        "name": "Can change permission",
        "content_type": 2,
        "codename": "change_permission"
    }
},
{
    "model": "auth.permission",
    "pk": 7,
    "fields": {
        "name": "Can delete permission",
        "content_type": 2,
        "codename": "delete_permission"
    }
},
{
    "model": "auth.permission",
    "pk": 8,
    "fields": {
        "name": "Can view permission",
        "content_type": 2,
        "codename": "view_permission"
    }
},
{
    "model": "auth.permission",
    "pk": 9,
    "fields": {
        "name": "Can add group",
        "content_type": 3,
        "codename": "add_group"
    }
},
{
    "model": "auth.permission",
    "pk": 10,
    "fields": {
        "name": "Can change group",
        "content_type": 3,
        "codename": "change_group"
    }
},
{
    "model": "auth.permission",
    "pk": 11,
    "fields": {
        "name": "Can delete group",
        "content_type": 3,
        "codename": "delete_group"
    }
},
{
    "model": "auth.permission",
    "pk": 12,
    "fields": {
        "name": "Can view group",
        "content_type": 3,
        "codename": "view_group"
    }
},
{
    "model": "auth.permission",
    "pk": 13,
    "fields": {
        "name": "Can add user",
        "content_type": 4,
        "codename": "add_user"
    }
},
{
    "model": "auth.permission",
    "pk": 14,
    "fields": {
        "name": "Can change user",
        "content_type": 4,
        "codename": "change_user"
    }
},
{
    "model": "auth.permission",
    "pk": 15,
    "fields": {
        "name": "Can delete user",
        "content_type": 4,
        "codename": "delete_user"
    }
},
{
    "model": "auth.permission",
    "pk": 16,
    "fields": {
        "name": "Can view user",
        "content_type": 4,
        "codename": "view_user"
    }
},
{
    "model": "auth.permission",
    "pk": 17,
    "fields": {
        "name": "Can add content type",
        "content_type": 5,
        "codename": "add_contenttype"
    }
},
{
    "model": "auth.permission",
    "pk": 18,
    "fields": {
        "name": "Can change content type",
        "content_type": 5,
        "codename": "change_contenttype"
    }
},
{
    "model": "auth.permission",
    "pk": 19,
    "fields": {
        "name": "Can delete content type",
        "content_type": 5,
        "codename": "delete_contenttype"
    }
},
{
    "model": "auth.permission",
    "pk": 20,
    "fields": {
        "name": "Can view content type",
        "content_type": 5,
        "codename": "view_contenttype"
    }
},
{
    "model": "auth.permission",
    "pk": 21,
    "fields": {
        "name": "Can add session",
        "content_type": 6,
        "codename": "add_session"
    }
},
{
    "model": "auth.permission",
    "pk": 22,
    "fields": {
        "name": "Can change session",
        "content_type": 6,
        "codename": "change_session"
    }
},
{
    "model": "auth.permission",
    "pk": 23,
    "fields": {
        "name": "Can delete session",
        "content_type": 6,
        "codename": "delete_session"
    }
},
{
    "model": "auth.permission",
    "pk": 24,
    "fields": {
        "name": "Can view session",
        "content_type": 6,
        "codename": "view_session"
    }
},
{
    "model": "auth.permission",
    "pk": 25,
    "fields": {
        "name": "Can add disco duro nvme",
        "content_type": 7,
        "codename": "add_discoduronvme"
    }
},
{
    "model": "auth.permission",
    "pk": 26,
    "fields": {
        "name": "Can change disco duro nvme",
        "content_type": 7,
        "codename": "change_discoduronvme"
    }
},
{
    "model": "auth.permission",
    "pk": 27,
    "fields": {
        "name": "Can delete disco duro nvme",
        "content_type": 7,
        "codename": "delete_discoduronvme"
    }
},
{
    "model": "auth.permission",
    "pk": 28,
    "fields": {
        "name": "Can view disco duro nvme",
        "content_type": 7,
        "codename": "view_discoduronvme"
    }
},
{
    "model": "auth.permission",
    "pk": 29,
    "fields": {
        "name": "Can add disco duro ssd",
        "content_type": 8,
        "codename": "add_discodurossd"
    }
},
{
    "model": "auth.permission",
    "pk": 30,
    "fields": {
        "name": "Can change disco duro ssd",
        "content_type": 8,
        "codename": "change_discodurossd"
    }
},
{
    "model": "auth.permission",
    "pk": 31,
    "fields": {
        "name": "Can delete disco duro ssd",
        "content_type": 8,
        "codename": "delete_discodurossd"
    }
},
{
    "model": "auth.permission",
    "pk": 32,
    "fields": {
        "name": "Can view disco duro ssd",
        "content_type": 8,
        "codename": "view_discodurossd"
    }
},
{
    "model": "auth.permission",
    "pk": 33,
    "fields": {
        "name": "Can add fuente alimentacion",
        "content_type": 9,
        "codename": "add_fuentealimentacion"
    }
},
{
    "model": "auth.permission",
    "pk": 34,
    "fields": {
        "name": "Can change fuente alimentacion",
        "content_type": 9,
        "codename": "change_fuentealimentacion"
    }
},
{
    "model": "auth.permission",
    "pk": 35,
    "fields": {
        "name": "Can delete fuente alimentacion",
        "content_type": 9,
        "codename": "delete_fuentealimentacion"
    }
},
{
    "model": "auth.permission",
    "pk": 36,
    "fields": {
        "name": "Can view fuente alimentacion",
        "content_type": 9,
        "codename": "view_fuentealimentacion"
    }
},
{
    "model": "auth.permission",
    "pk": 37,
    "fields": {
        "name": "Can add grafica procesador",
        "content_type": 10,
        "codename": "add_graficaprocesador"
    }
},
{
    "model": "auth.permission",
    "pk": 38,
    "fields": {
        "name": "Can change grafica procesador",
        "content_type": 10,
        "codename": "change_graficaprocesador"
    }
},
{
    "model": "auth.permission",
    "pk": 39,
    "fields": {
        "name": "Can delete grafica procesador",
        "content_type": 10,
        "codename": "delete_graficaprocesador"
    }
},
{
    "model": "auth.permission",
    "pk": 40,
    "fields": {
        "name": "Can view grafica procesador",
        "content_type": 10,
        "codename": "view_graficaprocesador"
    }
},
{
    "model": "auth.permission",
    "pk": 41,
    "fields": {
        "name": "Can add disco duro hdd",
        "content_type": 11,
        "codename": "add_discodurohdd"
    }
},
{
    "model": "auth.permission",
    "pk": 42,
    "fields": {
        "name": "Can change disco duro hdd",
        "content_type": 11,
        "codename": "change_discodurohdd"
    }
},
{
    "model": "auth.permission",
    "pk": 43,
    "fields": {
        "name": "Can delete disco duro hdd",
        "content_type": 11,
        "codename": "delete_discodurohdd"
    }
},
{
    "model": "auth.permission",
    "pk": 44,
    "fields": {
        "name": "Can view disco duro hdd",
        "content_type": 11,
        "codename": "view_discodurohdd"
    }
},
{
    "model": "auth.permission",
    "pk": 45,
    "fields": {
        "name": "Can add procesador",
        "content_type": 12,
        "codename": "add_procesador"
    }
},
{
    "model": "auth.permission",
    "pk": 46,
    "fields": {
        "name": "Can change procesador",
        "content_type": 12,
        "codename": "change_procesador"
    }
},
{
    "model": "auth.permission",
    "pk": 47,
    "fields": {
        "name": "Can delete procesador",
        "content_type": 12,
        "codename": "delete_procesador"
    }
},
{
    "model": "auth.permission",
    "pk": 48,
    "fields": {
        "name": "Can view procesador",
        "content_type": 12,
        "codename": "view_procesador"
    }
},
{
    "model": "auth.permission",
    "pk": 49,
    "fields": {
        "name": "Can add disipador",
        "content_type": 13,
        "codename": "add_disipador"
    }
},
{
    "model": "auth.permission",
    "pk": 50,
    "fields": {
        "name": "Can change disipador",
        "content_type": 13,
        "codename": "change_disipador"
    }
},
{
    "model": "auth.permission",
    "pk": 51,
    "fields": {
        "name": "Can delete disipador",
        "content_type": 13,
        "codename": "delete_disipador"
    }
},
{
    "model": "auth.permission",
    "pk": 52,
    "fields": {
        "name": "Can view disipador",
        "content_type": 13,
        "codename": "view_disipador"
    }
},
{
    "model": "auth.permission",
    "pk": 53,
    "fields": {
        "name": "Can add grafica",
        "content_type": 14,
        "codename": "add_grafica"
    }
},
{
    "model": "auth.permission",
    "pk": 54,
    "fields": {
        "name": "Can change grafica",
        "content_type": 14,
        "codename": "change_grafica"
    }
},
{
    "model": "auth.permission",
    "pk": 55,
    "fields": {
        "name": "Can delete grafica",
        "content_type": 14,
        "codename": "delete_grafica"
    }
},
{
    "model": "auth.permission",
    "pk": 56,
    "fields": {
        "name": "Can view grafica",
        "content_type": 14,
        "codename": "view_grafica"
    }
},
{
    "model": "auth.permission",
    "pk": 57,
    "fields": {
        "name": "Can add placa base",
        "content_type": 15,
        "codename": "add_placabase"
    }
},
{
    "model": "auth.permission",
    "pk": 58,
    "fields": {
        "name": "Can change placa base",
        "content_type": 15,
        "codename": "change_placabase"
    }
},
{
    "model": "auth.permission",
    "pk": 59,
    "fields": {
        "name": "Can delete placa base",
        "content_type": 15,
        "codename": "delete_placabase"
    }
},
{
    "model": "auth.permission",
    "pk": 60,
    "fields": {
        "name": "Can view placa base",
        "content_type": 15,
        "codename": "view_placabase"
    }
},
{
    "model": "auth.permission",
    "pk": 61,
    "fields": {
        "name": "Can add placa base disipador",
        "content_type": 16,
        "codename": "add_placabasedisipador"
    }
},
{
    "model": "auth.permission",
    "pk": 62,
    "fields": {
        "name": "Can change placa base disipador",
        "content_type": 16,
        "codename": "change_placabasedisipador"
    }
},
{
    "model": "auth.permission",
    "pk": 63,
    "fields": {
        "name": "Can delete placa base disipador",
        "content_type": 16,
        "codename": "delete_placabasedisipador"
    }
},
{
    "model": "auth.permission",
    "pk": 64,
    "fields": {
        "name": "Can view placa base disipador",
        "content_type": 16,
        "codename": "view_placabasedisipador"
    }
},
{
    "model": "auth.permission",
    "pk": 65,
    "fields": {
        "name": "Can add monitor grafica",
        "content_type": 17,
        "codename": "add_monitorgrafica"
    }
},
{
    "model": "auth.permission",
    "pk": 66,
    "fields": {
        "name": "Can change monitor grafica",
        "content_type": 17,
        "codename": "change_monitorgrafica"
    }
},
{
    "model": "auth.permission",
    "pk": 67,
    "fields": {
        "name": "Can delete monitor grafica",
        "content_type": 17,
        "codename": "delete_monitorgrafica"
    }
},
{
    "model": "auth.permission",
    "pk": 68,
    "fields": {
        "name": "Can view monitor grafica",
        "content_type": 17,
        "codename": "view_monitorgrafica"
    }
},
{
    "model": "auth.permission",
    "pk": 69,
    "fields": {
        "name": "Can add monitor",
        "content_type": 18,
        "codename": "add_monitor"
    }
},
{
    "model": "auth.permission",
    "pk": 70,
    "fields": {
        "name": "Can change monitor",
        "content_type": 18,
        "codename": "change_monitor"
    }
},
{
    "model": "auth.permission",
    "pk": 71,
    "fields": {
        "name": "Can delete monitor",
        "content_type": 18,
        "codename": "delete_monitor"
    }
},
{
    "model": "auth.permission",
    "pk": 72,
    "fields": {
        "name": "Can view monitor",
        "content_type": 18,
        "codename": "view_monitor"
    }
},
{
    "model": "auth.permission",
    "pk": 73,
    "fields": {
        "name": "Can add ram",
        "content_type": 19,
        "codename": "add_ram"
    }
},
{
    "model": "auth.permission",
    "pk": 74,
    "fields": {
        "name": "Can change ram",
        "content_type": 19,
        "codename": "change_ram"
    }
},
{
    "model": "auth.permission",
    "pk": 75,
    "fields": {
        "name": "Can delete ram",
        "content_type": 19,
        "codename": "delete_ram"
    }
},
{
    "model": "auth.permission",
    "pk": 76,
    "fields": {
        "name": "Can view ram",
        "content_type": 19,
        "codename": "view_ram"
    }
},
{
    "model": "contenttypes.contenttype",
    "pk": 1,
    "fields": {
        "app_label": "admin",
        "model": "logentry"
    }
},
{
    "model": "contenttypes.contenttype",
    "pk": 2,
    "fields": {
        "app_label": "auth",
        "model": "permission"
    }
},
{
    "model": "contenttypes.contenttype",
    "pk": 3,
    "fields": {
        "app_label": "auth",
        "model": "group"
    }
},
{
    "model": "contenttypes.contenttype",
    "pk": 4,
    "fields": {
        "app_label": "auth",
        "model": "user"
    }
},
{
    "model": "contenttypes.contenttype",
    "pk": 5,
    "fields": {
        "app_label": "contenttypes",
        "model": "contenttype"
    }
},
{
    "model": "contenttypes.contenttype",
    "pk": 6,
    "fields": {
        "app_label": "sessions",
        "model": "session"
    }
},
{
    "model": "contenttypes.contenttype",
    "pk": 7,
    "fields": {
        "app_label": "tiendaordenadores",
        "model": "discoduronvme"
    }
},
{
    "model": "contenttypes.contenttype",
    "pk": 8,
    "fields": {
        "app_label": "tiendaordenadores",
        "model": "discodurossd"
    }
},
{
    "model": "contenttypes.contenttype",
    "pk": 9,
    "fields": {
        "app_label": "tiendaordenadores",
        "model": "fuentealimentacion"
    }
},
{
    "model": "contenttypes.contenttype",
    "pk": 10,
    "fields": {
        "app_label": "tiendaordenadores",
        "model": "graficaprocesador"
    }
},
{
    "model": "contenttypes.contenttype",
    "pk": 11,
    "fields": {
        "app_label": "tiendaordenadores",
        "model": "discodurohdd"
    }
},
{
    "model": "contenttypes.contenttype",
    "pk": 12,
    "fields": {
        "app_label": "tiendaordenadores",
        "model": "procesador"
    }
},
{
    "model": "contenttypes.contenttype",
    "pk": 13,
    "fields": {
        "app_label": "tiendaordenadores",
        "model": "disipador"
    }
},
{
    "model": "contenttypes.contenttype",
    "pk": 14,
    "fields": {
        "app_label": "tiendaordenadores",
        "model": "grafica"
    }
},
{
    "model": "contenttypes.contenttype",
    "pk": 15,
    "fields": {
        "app_label": "tiendaordenadores",
        "model": "placabase"
    }
},
{
    "model": "contenttypes.contenttype",
    "pk": 16,
    "fields": {
        "app_label": "tiendaordenadores",
        "model": "placabasedisipador"
    }
},
{
    "model": "contenttypes.contenttype",
    "pk": 17,
    "fields": {
        "app_label": "tiendaordenadores",
        "model": "monitorgrafica"
    }
},
{
    "model": "contenttypes.contenttype",
    "pk": 18,
    "fields": {
        "app_label": "tiendaordenadores",
        "model": "monitor"
    }
},
{
    "model": "contenttypes.contenttype",
    "pk": 19,
    "fields": {
        "app_label": "tiendaordenadores",
        "model": "ram"
    }
},
{
    "model": "tiendaordenadores.procesador",
    "pk": 1,
    "fields": {
        "urlcompra": "http://www.rodriguez.com/app/posts/listlogin.htm",
        "nombre": "Whether agency as instead marriage theory measure. Lay describe this production lot cup fall. Issue ",
        "familiaprocesador": "Ryzen",
        "potenciacalculo": "Final interview need charge.",
        "nucleos": 9962,
        "hilos": 24314
    }
},
{
    "model": "tiendaordenadores.procesador",
    "pk": 2,
    "fields": {
        "urlcompra": "http://eaton.info/searchmain.html",
        "nombre": "Human talk series these. Lay less item finally. Reveal with card off hit affect.\nChild last though a",
        "familiaprocesador": "Intel",
        "potenciacalculo": "Pay at degree we happy guy.",
        "nucleos": -29897,
        "hilos": 29637
    }
},
{
    "model": "tiendaordenadores.procesador",
    "pk": 3,
    "fields": {
        "urlcompra": "http://le.info/explore/search/tagterms.php",
        "nombre": "Because month world necessary action say. Place better fire mother from. Course author huge bring re",
        "familiaprocesador": "Intel",
        "potenciacalculo": "Fall recent modern.",
        "nucleos": 20469,
        "hilos": -7914
    }
},
{
    "model": "tiendaordenadores.procesador",
    "pk": 4,
    "fields": {
        "urlcompra": "https://kennedy.com/tagsterms.asp",
        "nombre": "Pattern south these people strategy just. Him daughter identify size investment perhaps right actual",
        "familiaprocesador": "Ryzen",
        "potenciacalculo": "Minute let simple add laugh.",
        "nucleos": -19571,
        "hilos": 31663
    }
},
{
    "model": "tiendaordenadores.procesador",
    "pk": 5,
    "fields": {
        "urlcompra": "https://www.wright-williams.info/category/tagspost.php",
        "nombre": "Scientist stock medical industry. Remember consumer to push down cell. Affect society size factor ok",
        "familiaprocesador": "Intel",
        "potenciacalculo": "Strong measure type hold.",
        "nucleos": -8377,
        "hilos": 5051
    }
},
{
    "model": "tiendaordenadores.procesador",
    "pk": 6,
    "fields": {
        "urlcompra": "https://baldwin.com/explore/taglogin.html",
        "nombre": "Policy purpose catch site treat. Fish deal quality let stuff west lay moment.\nPopular by else hersel",
        "familiaprocesador": "Ryzen",
        "potenciacalculo": "Way where season appear.",
        "nucleos": 17153,
        "hilos": -11117
    }
},
{
    "model": "tiendaordenadores.procesador",
    "pk": 7,
    "fields": {
        "urlcompra": "https://www.serrano.info/blogterms.htm",
        "nombre": "Why citizen simply production. Bed itself magazine.\nCustomer long yet church.\nPlace hard success how",
        "familiaprocesador": "Ryzen",
        "potenciacalculo": "Read economy information.",
        "nucleos": -11665,
        "hilos": 21540
    }
},
{
    "model": "tiendaordenadores.procesador",
    "pk": 8,
    "fields": {
        "urlcompra": "https://www.matthews-hodge.com/mainregister.html",
        "nombre": "Range pretty yeah off recent. Think one class must. Woman back one structure.",
        "familiaprocesador": "Ryzen",
        "potenciacalculo": "Before high stuff forward PM.",
        "nucleos": 3858,
        "hilos": -512
    }
},
{
    "model": "tiendaordenadores.procesador",
    "pk": 9,
    "fields": {
        "urlcompra": "https://www.walker.biz/listregister.jsp",
        "nombre": "Travel movie deep sense direction. Consumer hard increase boy tax simply prove decide.\nBefore troubl",
        "familiaprocesador": "Intel",
        "potenciacalculo": "Down benefit fund fish.",
        "nucleos": -22749,
        "hilos": -22365
    }
},
{
    "model": "tiendaordenadores.procesador",
    "pk": 10,
    "fields": {
        "urlcompra": "http://www.aguirre.biz/main/tagterms.htm",
        "nombre": "Religious culture continue suddenly. Memory how company but.\nCost stand today piece film environment",
        "familiaprocesador": "Ryzen",
        "potenciacalculo": "These heart ten interest.",
        "nucleos": -28813,
        "hilos": 11649
    }
},
{
    "model": "tiendaordenadores.procesador",
    "pk": 11,
    "fields": {
        "urlcompra": "https://www.craig.com/explore/tagsprivacy.jsp",
        "nombre": "Though process start.\nHimself yet step reason lawyer several base here. Continue experience ok atten",
        "familiaprocesador": "Intel",
        "potenciacalculo": "Report lot what summer.",
        "nucleos": 12190,
        "hilos": -21674
    }
},
{
    "model": "tiendaordenadores.procesador",
    "pk": 12,
    "fields": {
        "urlcompra": "http://sloan.info/listabout.php",
        "nombre": "Dinner example clear people. Street significant war seven quality. Model protect clearly senior.",
        "familiaprocesador": "Intel",
        "potenciacalculo": "Push low series every.",
        "nucleos": 17627,
        "hilos": -32432
    }
},
{
    "model": "tiendaordenadores.procesador",
    "pk": 13,
    "fields": {
        "urlcompra": "http://flores.com/explore/category/tagprivacy.html",
        "nombre": "Relate mother cultural group improve until. Agreement theory all husband final because head outside.",
        "familiaprocesador": "Ryzen",
        "potenciacalculo": "Stop fact born performance.",
        "nucleos": -24611,
        "hilos": -16318
    }
},
{
    "model": "tiendaordenadores.procesador",
    "pk": 14,
    "fields": {
        "urlcompra": "http://www.bass.info/searchmain.asp",
        "nombre": "Bring however say reflect physical front artist. Friend particular just woman. Heart three cup.\nMana",
        "familiaprocesador": "Ryzen",
        "potenciacalculo": "Dog simple student.",
        "nucleos": 1569,
        "hilos": -13690
    }
},
{
    "model": "tiendaordenadores.procesador",
    "pk": 15,
    "fields": {
        "urlcompra": "http://wells-barron.biz/explore/blogsearch.htm",
        "nombre": "Half be foreign position happy. International nearly exist. Center five theory somebody sport lose i",
        "familiaprocesador": "Ryzen",
        "potenciacalculo": "Law fish state wonder.",
        "nucleos": -14986,
        "hilos": 10892
    }
},
{
    "model": "tiendaordenadores.procesador",
    "pk": 16,
    "fields": {
        "urlcompra": "http://www.fisher.net/wp-content/list/wp-contentauthor.htm",
        "nombre": "End local consider stuff pattern no listen. Know financial not right American. State young attention",
        "familiaprocesador": "Ryzen",
        "potenciacalculo": "Authority peace I reach.",
        "nucleos": 12331,
        "hilos": 8373
    }
},
{
    "model": "tiendaordenadores.procesador",
    "pk": 17,
    "fields": {
        "urlcompra": "https://www.ramirez.net/search/explore/tagshome.html",
        "nombre": "Indicate behavior everyone single result mouth argue. Could security bad exist later music hair. Wor",
        "familiaprocesador": "Intel",
        "potenciacalculo": "Decade turn agency.",
        "nucleos": 17107,
        "hilos": -24979
    }
},
{
    "model": "tiendaordenadores.procesador",
    "pk": 18,
    "fields": {
        "urlcompra": "http://www.sexton.com/tagsindex.asp",
        "nombre": "Safe focus on garden light. Democratic firm cover cultural across summer forget. Half despite change",
        "familiaprocesador": "Ryzen",
        "potenciacalculo": "Arrive other key traditional.",
        "nucleos": 14484,
        "hilos": 23323
    }
},
{
    "model": "tiendaordenadores.procesador",
    "pk": 19,
    "fields": {
        "urlcompra": "http://www.fields.biz/tagsfaq.htm",
        "nombre": "Level possible table test article. Study should consider write.\nPeace agency wind different law talk",
        "familiaprocesador": "Ryzen",
        "potenciacalculo": "Manage not why.",
        "nucleos": 23843,
        "hilos": -17459
    }
},
{
    "model": "tiendaordenadores.procesador",
    "pk": 20,
    "fields": {
        "urlcompra": "https://www.bush.com/categories/category/searchhomepage.html",
        "nombre": "True control eat wait notice. Cover think range player. Should break place too least check who servi",
        "familiaprocesador": "Ryzen",
        "potenciacalculo": "Article hard maintain well.",
        "nucleos": -27788,
        "hilos": 8652
    }
},
{
    "model": "tiendaordenadores.procesador",
    "pk": 21,
    "fields": {
        "urlcompra": "https://parker.net/mainhome.jsp",
        "nombre": "Garden popular not career public. Under court full themselves. Base finish sea white. Them political",
        "familiaprocesador": "Intel",
        "potenciacalculo": "One military list various.",
        "nucleos": 30456,
        "hilos": 17192
    }
},
{
    "model": "tiendaordenadores.procesador",
    "pk": 22,
    "fields": {
        "urlcompra": "http://www.stephens-benson.com/postsregister.htm",
        "nombre": "Court front firm cup determine often wide shoulder. Pass inside positive food red. Ability field fin",
        "familiaprocesador": "Intel",
        "potenciacalculo": "Sense population say blood.",
        "nucleos": -28132,
        "hilos": -1893
    }
},
{
    "model": "tiendaordenadores.procesador",
    "pk": 23,
    "fields": {
        "urlcompra": "http://young.info/categories/list/wp-contentcategory.htm",
        "nombre": "Difference so compare item third. Down better group provide main message. Tough chance face assume v",
        "familiaprocesador": "Ryzen",
        "potenciacalculo": "Floor key garden feel.",
        "nucleos": -1656,
        "hilos": 10902
    }
},
{
    "model": "tiendaordenadores.procesador",
    "pk": 24,
    "fields": {
        "urlcompra": "http://www.martin.org/listabout.php",
        "nombre": "Lose among view dark. Determine else role series station of analysis important. Wish leave guy charg",
        "familiaprocesador": "Ryzen",
        "potenciacalculo": "Think majority benefit mouth.",
        "nucleos": -29143,
        "hilos": -11501
    }
},
{
    "model": "tiendaordenadores.procesador",
    "pk": 25,
    "fields": {
        "urlcompra": "http://stewart.biz/postsindex.php",
        "nombre": "Move general we own model. Reality measure someone the.\nMan style detail body. Book experience some ",
        "familiaprocesador": "Ryzen",
        "potenciacalculo": "You piece entire.",
        "nucleos": 29776,
        "hilos": -3887
    }
},
{
    "model": "tiendaordenadores.procesador",
    "pk": 26,
    "fields": {
        "urlcompra": "https://www.reyes.biz/listindex.html",
        "nombre": "Moment while eight cup. Resource move single far size medical. Pattern property forward ask coach le",
        "familiaprocesador": "Ryzen",
        "potenciacalculo": "Try stop system much.",
        "nucleos": 31158,
        "hilos": 13431
    }
},
{
    "model": "tiendaordenadores.procesador",
    "pk": 27,
    "fields": {
        "urlcompra": "http://www.allen.com/categories/tagshomepage.asp",
        "nombre": "Involve this natural find mother. Could smile and rate true dog.\nGuy fill that. Really benefit prese",
        "familiaprocesador": "Ryzen",
        "potenciacalculo": "Why former his.",
        "nucleos": 2566,
        "hilos": -11174
    }
},
{
    "model": "tiendaordenadores.procesador",
    "pk": 28,
    "fields": {
        "urlcompra": "https://foster.biz/tags/bloglogin.html",
        "nombre": "Choose call draw despite. House small yeah factor wife town set.\nRun environment herself book discov",
        "familiaprocesador": "Intel",
        "potenciacalculo": "Guy easy interest offer.",
        "nucleos": 18447,
        "hilos": 21613
    }
},
{
    "model": "tiendaordenadores.procesador",
    "pk": 29,
    "fields": {
        "urlcompra": "http://owen.com/main/tag/tagscategory.htm",
        "nombre": "Unit end compare leg. Whom wall decide kid.\nAudience information travel evening. Style guy unit. Mod",
        "familiaprocesador": "Intel",
        "potenciacalculo": "Draw age approach.",
        "nucleos": 19637,
        "hilos": 28896
    }
},
{
    "model": "tiendaordenadores.procesador",
    "pk": 30,
    "fields": {
        "urlcompra": "http://white.com/blogfaq.html",
        "nombre": "Professor receive time true yes magazine expert.\nCountry in size mean nearly point. Affect keep appl",
        "familiaprocesador": "Ryzen",
        "potenciacalculo": "Technology woman finally.",
        "nucleos": -22364,
        "hilos": 11268
    }
},
{
    "model": "tiendaordenadores.procesador",
    "pk": 31,
    "fields": {
        "urlcompra": "https://www.simpson-garcia.com/categories/explorecategory.php",
        "nombre": "Interesting down suffer development. Almost instead buy fall road past quality.\nCar officer my affec",
        "familiaprocesador": "Intel",
        "potenciacalculo": "Fast suggest road during.",
        "nucleos": 3708,
        "hilos": 7084
    }
},
{
    "model": "tiendaordenadores.procesador",
    "pk": 32,
    "fields": {
        "urlcompra": "https://www.rice.com/categoriessearch.asp",
        "nombre": "Present sport question fight sing the. Condition price space story. Bar sometimes trade far.\nSite mi",
        "familiaprocesador": "Ryzen",
        "potenciacalculo": "Stay popular quite eat find.",
        "nucleos": 17741,
        "hilos": 28360
    }
},
{
    "model": "tiendaordenadores.procesador",
    "pk": 33,
    "fields": {
        "urlcompra": "https://figueroa.com/wp-content/mainterms.jsp",
        "nombre": "Particularly real medical blood. Ask less mean while. Oil size wrong weight.",
        "familiaprocesador": "Ryzen",
        "potenciacalculo": "Image fast fill available.",
        "nucleos": 3239,
        "hilos": -28314
    }
},
{
    "model": "tiendaordenadores.procesador",
    "pk": 34,
    "fields": {
        "urlcompra": "https://www.doyle-bradford.org/main/categories/mainlogin.html",
        "nombre": "Cover them table leg choose economy represent. Decide follow join.\nRadio worry conference box. Skill",
        "familiaprocesador": "Intel",
        "potenciacalculo": "Deal court protect arrive.",
        "nucleos": -1414,
        "hilos": 4233
    }
},
{
    "model": "tiendaordenadores.procesador",
    "pk": 35,
    "fields": {
        "urlcompra": "http://www.stone.com/appcategory.php",
        "nombre": "Yet area many account down TV responsibility education. Group culture sense set.\nTonight open town w",
        "familiaprocesador": "Intel",
        "potenciacalculo": "Ok their institution boy.",
        "nucleos": -21763,
        "hilos": 15841
    }
},
{
    "model": "tiendaordenadores.procesador",
    "pk": 36,
    "fields": {
        "urlcompra": "http://www.baker.biz/blog/search/mainlogin.html",
        "nombre": "Century test ready special product. Mouth either professional some put Congress whose call.\nEveryone",
        "familiaprocesador": "Intel",
        "potenciacalculo": "Mr bit different time.",
        "nucleos": 629,
        "hilos": 29772
    }
},
{
    "model": "tiendaordenadores.procesador",
    "pk": 37,
    "fields": {
        "urlcompra": "https://garcia.com/blogauthor.html",
        "nombre": "South operation than.\nInformation trip contain old reason follow color. Improve wall agency five qui",
        "familiaprocesador": "Intel",
        "potenciacalculo": "Skin range where quite list.",
        "nucleos": -21726,
        "hilos": 21738
    }
},
{
    "model": "tiendaordenadores.procesador",
    "pk": 38,
    "fields": {
        "urlcompra": "https://www.coleman-alvarez.com/blog/main/tagsregister.htm",
        "nombre": "Quickly large together toward remain person past. Before manage red right end common leg.\nEvening fr",
        "familiaprocesador": "Intel",
        "potenciacalculo": "Three election reason return.",
        "nucleos": -23684,
        "hilos": 11631
    }
},
{
    "model": "tiendaordenadores.procesador",
    "pk": 39,
    "fields": {
        "urlcompra": "http://www.scott.com/app/listfaq.php",
        "nombre": "Institution technology know argue soldier news reflect fall. Less lead office no. Present any intere",
        "familiaprocesador": "Intel",
        "potenciacalculo": "Response state take.",
        "nucleos": -1479,
        "hilos": -17832
    }
},
{
    "model": "tiendaordenadores.procesador",
    "pk": 40,
    "fields": {
        "urlcompra": "http://www.davidson.com/category/category/postssearch.jsp",
        "nombre": "Wait behind cultural speak could great truth. Clear personal actually.\nLay talk who sure perform rul",
        "familiaprocesador": "Ryzen",
        "potenciacalculo": "About peace among so exactly.",
        "nucleos": -27261,
        "hilos": -2211
    }
},
{
    "model": "tiendaordenadores.grafica",
    "pk": 1,
    "fields": {
        "urlcompra": "https://lopez-bell.biz/explore/categoryabout.asp",
        "nombre": "Allow picture public finally. Actually these simple picture soon.\nFirst simple life do. Structure el",
        "familiagrafica": "Nvidia",
        "potenciacalculo": "Task use me building dinner.",
        "memoriavram": "Body.",
        "fecha_salida": "2024-10-20T21:15:09.742Z",
        "trazadorayos": false
    }
},
{
    "model": "tiendaordenadores.grafica",
    "pk": 2,
    "fields": {
        "urlcompra": "http://welch.info/blogindex.htm",
        "nombre": "Hundred need success develop hold. Crime protect senior charge religious against. Speak agreement te",
        "familiagrafica": "AMD",
        "potenciacalculo": "Rate number suggest light.",
        "memoriavram": "Agent.",
        "fecha_salida": "2024-10-20T21:15:09.742Z",
        "trazadorayos": false
    }
},
{
    "model": "tiendaordenadores.grafica",
    "pk": 3,
    "fields": {
        "urlcompra": "https://www.skinner-perry.info/tagmain.html",
        "nombre": "Throw enjoy question at seven that station respond. Take open Republican image to. Right citizen exa",
        "familiagrafica": "Intel",
        "potenciacalculo": "Bag or civil decision.",
        "memoriavram": "Morning.",
        "fecha_salida": "2024-10-20T21:15:09.742Z",
        "trazadorayos": false
    }
},
{
    "model": "tiendaordenadores.grafica",
    "pk": 4,
    "fields": {
        "urlcompra": "http://www.price.com/search/postsprivacy.html",
        "nombre": "Personal then stay network. Theory choose grow.\nChoice country knowledge past everyone customer insi",
        "familiagrafica": "Nvidia",
        "potenciacalculo": "Her order future open.",
        "memoriavram": "Change.",
        "fecha_salida": "2024-10-20T21:15:09.742Z",
        "trazadorayos": true
    }
},
{
    "model": "tiendaordenadores.grafica",
    "pk": 5,
    "fields": {
        "urlcompra": "https://patterson.com/explore/exploreauthor.htm",
        "nombre": "Out role idea structure follow. Imagine do him large land. Court bed morning security fly young. Own",
        "familiagrafica": "AMD",
        "potenciacalculo": "Nearly hundred year health.",
        "memoriavram": "Sport.",
        "fecha_salida": "2024-10-20T21:15:09.742Z",
        "trazadorayos": true
    }
},
{
    "model": "tiendaordenadores.grafica",
    "pk": 6,
    "fields": {
        "urlcompra": "https://www.rogers.com/blog/exploreterms.asp",
        "nombre": "Choose book remember control my among. So edge protect hot environmental. Simple score six into yard",
        "familiagrafica": "AMD",
        "potenciacalculo": "A off care want.",
        "memoriavram": "Second.",
        "fecha_salida": "2024-10-20T21:15:09.742Z",
        "trazadorayos": true
    }
},
{
    "model": "tiendaordenadores.grafica",
    "pk": 7,
    "fields": {
        "urlcompra": "https://cortez.com/mainprivacy.asp",
        "nombre": "Type probably president there despite court theory. Music according mouth once recent discuss benefi",
        "familiagrafica": "Nvidia",
        "potenciacalculo": "Effect field management but.",
        "memoriavram": "Authority.",
        "fecha_salida": "2024-10-20T21:15:09.742Z",
        "trazadorayos": true
    }
},
{
    "model": "tiendaordenadores.grafica",
    "pk": 8,
    "fields": {
        "urlcompra": "http://nguyen.com/posts/app/searchfaq.htm",
        "nombre": "Line more realize. Experience send record very. Could page try themselves.\nBoard simply full. Rise a",
        "familiagrafica": "Intel",
        "potenciacalculo": "Worker evening all large far.",
        "memoriavram": "Amount.",
        "fecha_salida": "2024-10-20T21:15:09.742Z",
        "trazadorayos": true
    }
},
{
    "model": "tiendaordenadores.grafica",
    "pk": 9,
    "fields": {
        "urlcompra": "http://www.smith.net/wp-content/category/appregister.html",
        "nombre": "Answer never I list see. Three store common. Whatever here walk international watch boy better.\nThin",
        "familiagrafica": "Intel",
        "potenciacalculo": "Business really ball bar act.",
        "memoriavram": "Charge.",
        "fecha_salida": "2024-10-20T21:15:09.742Z",
        "trazadorayos": true
    }
},
{
    "model": "tiendaordenadores.grafica",
    "pk": 10,
    "fields": {
        "urlcompra": "http://www.lambert-woods.info/explore/searchhomepage.php",
        "nombre": "Can hear culture interest tax authority. Kind weight energy ten.\nSport need best. Official age girl ",
        "familiagrafica": "Intel",
        "potenciacalculo": "Table range soon you in.",
        "memoriavram": "Throw.",
        "fecha_salida": "2024-10-20T21:15:09.742Z",
        "trazadorayos": true
    }
},
{
    "model": "tiendaordenadores.grafica",
    "pk": 11,
    "fields": {
        "urlcompra": "http://grant.com/posts/app/mainsearch.jsp",
        "nombre": "Page often guy agree. Today painting hand. He TV final spring.\nTree course throw want nearly stand.\n",
        "familiagrafica": "Intel",
        "potenciacalculo": "Economy sign listen.",
        "memoriavram": "Least.",
        "fecha_salida": "2024-10-20T21:15:09.742Z",
        "trazadorayos": false
    }
},
{
    "model": "tiendaordenadores.grafica",
    "pk": 12,
    "fields": {
        "urlcompra": "https://www.gonzalez-wagner.com/app/tagshomepage.php",
        "nombre": "Dog experience professional factor include staff treatment surface. Center college key as trip again",
        "familiagrafica": "Nvidia",
        "potenciacalculo": "Want city idea close.",
        "memoriavram": "Know.",
        "fecha_salida": "2024-10-20T21:15:09.742Z",
        "trazadorayos": false
    }
},
{
    "model": "tiendaordenadores.grafica",
    "pk": 13,
    "fields": {
        "urlcompra": "https://golden-lewis.com/tags/categories/categoriesmain.html",
        "nombre": "Grow politics threat employee either among ground. Alone perform garden professor treatment.",
        "familiagrafica": "Nvidia",
        "potenciacalculo": "Less skin yourself note home.",
        "memoriavram": "City lay.",
        "fecha_salida": "2024-10-20T21:15:09.742Z",
        "trazadorayos": true
    }
},
{
    "model": "tiendaordenadores.grafica",
    "pk": 14,
    "fields": {
        "urlcompra": "http://allen.com/wp-content/app/categoryregister.php",
        "nombre": "Ability somebody religious conference water write. Station family development simple style resource ",
        "familiagrafica": "AMD",
        "potenciacalculo": "Light player care plant home.",
        "memoriavram": "Wish able.",
        "fecha_salida": "2024-10-20T21:15:09.742Z",
        "trazadorayos": false
    }
},
{
    "model": "tiendaordenadores.grafica",
    "pk": 15,
    "fields": {
        "urlcompra": "https://www.carroll-edwards.com/wp-content/wp-contentregister.htm",
        "nombre": "Doctor big standard star music act still. Test change land reason town year state.\nPlan drive day at",
        "familiagrafica": "Nvidia",
        "potenciacalculo": "Every a figure mention wait.",
        "memoriavram": "Ahead.",
        "fecha_salida": "2024-10-20T21:15:09.742Z",
        "trazadorayos": false
    }
},
{
    "model": "tiendaordenadores.grafica",
    "pk": 16,
    "fields": {
        "urlcompra": "https://ross-hall.com/app/categoryindex.php",
        "nombre": "Approach spend manager war nearly compare usually require. Sort nation new paper red. Respond identi",
        "familiagrafica": "AMD",
        "potenciacalculo": "Gun who help nothing.",
        "memoriavram": "Mrs.",
        "fecha_salida": "2024-10-20T21:15:09.742Z",
        "trazadorayos": true
    }
},
{
    "model": "tiendaordenadores.grafica",
    "pk": 17,
    "fields": {
        "urlcompra": "https://ellis.com/explore/categories/searchfaq.php",
        "nombre": "Entire building force your wide two. Personal let him education chair table.",
        "familiagrafica": "Intel",
        "potenciacalculo": "Assume beautiful amount able.",
        "memoriavram": "Relate.",
        "fecha_salida": "2024-10-20T21:15:09.742Z",
        "trazadorayos": false
    }
},
{
    "model": "tiendaordenadores.grafica",
    "pk": 18,
    "fields": {
        "urlcompra": "http://anderson.com/explore/tags/wp-contenthomepage.htm",
        "nombre": "Long performance language. Anyone safe customer life.\nFederal final miss someone. Agent service impo",
        "familiagrafica": "AMD",
        "potenciacalculo": "Hour drug population we.",
        "memoriavram": "Direction.",
        "fecha_salida": "2024-10-20T21:15:09.742Z",
        "trazadorayos": true
    }
},
{
    "model": "tiendaordenadores.grafica",
    "pk": 19,
    "fields": {
        "urlcompra": "https://perry.biz/wp-content/tagsmain.asp",
        "nombre": "Information debate special at. Fear fill citizen whose environment go scientist. Control cultural in",
        "familiagrafica": "Nvidia",
        "potenciacalculo": "Question dog increase tough.",
        "memoriavram": "Try.",
        "fecha_salida": "2024-10-20T21:15:09.742Z",
        "trazadorayos": true
    }
},
{
    "model": "tiendaordenadores.grafica",
    "pk": 20,
    "fields": {
        "urlcompra": "https://www.mullins-short.com/app/apppost.php",
        "nombre": "Subject day must assume exist win. Expect though record hit exactly write. Certainly ability health ",
        "familiagrafica": "AMD",
        "potenciacalculo": "Nor general should thing job.",
        "memoriavram": "Fine.",
        "fecha_salida": "2024-10-20T21:15:09.742Z",
        "trazadorayos": false
    }
},
{
    "model": "tiendaordenadores.grafica",
    "pk": 21,
    "fields": {
        "urlcompra": "http://goodman-simmons.com/blog/wp-contentcategory.jsp",
        "nombre": "Among miss fire. Certain edge total enter center figure low.\nCommon forward guy seek process he. Dee",
        "familiagrafica": "Nvidia",
        "potenciacalculo": "Most marriage exist seven.",
        "memoriavram": "Training.",
        "fecha_salida": "2024-10-20T21:15:09.742Z",
        "trazadorayos": false
    }
},
{
    "model": "tiendaordenadores.grafica",
    "pk": 22,
    "fields": {
        "urlcompra": "https://www.galvan.com/main/search/wp-contentpost.html",
        "nombre": "Whatever season prove factor parent. Act well eight beat day doctor recent. Step young through mouth",
        "familiagrafica": "Intel",
        "potenciacalculo": "Risk new police.",
        "memoriavram": "Claim.",
        "fecha_salida": "2024-10-20T21:15:09.742Z",
        "trazadorayos": true
    }
},
{
    "model": "tiendaordenadores.grafica",
    "pk": 23,
    "fields": {
        "urlcompra": "https://www.martinez.com/main/wp-contentlogin.php",
        "nombre": "Look three various room. Challenge far environmental goal agent decide night however. Rate issue col",
        "familiagrafica": "Intel",
        "potenciacalculo": "Strategy skin management.",
        "memoriavram": "Seat.",
        "fecha_salida": "2024-10-20T21:15:09.742Z",
        "trazadorayos": true
    }
},
{
    "model": "tiendaordenadores.grafica",
    "pk": 24,
    "fields": {
        "urlcompra": "http://www.golden.net/blog/list/tagregister.php",
        "nombre": "Book member his parent argue. Guy focus worry training father. Mother hand civil process great fathe",
        "familiagrafica": "Intel",
        "potenciacalculo": "Model cover story never.",
        "memoriavram": "To this.",
        "fecha_salida": "2024-10-20T21:15:09.742Z",
        "trazadorayos": true
    }
},
{
    "model": "tiendaordenadores.grafica",
    "pk": 25,
    "fields": {
        "urlcompra": "https://garrison.com/search/main/blogindex.htm",
        "nombre": "Here spend source same many often yet garden. Cause debate herself major I. Attack last budget month",
        "familiagrafica": "Nvidia",
        "potenciacalculo": "Fight true three turn.",
        "memoriavram": "Water.",
        "fecha_salida": "2024-10-20T21:15:09.742Z",
        "trazadorayos": true
    }
},
{
    "model": "tiendaordenadores.grafica",
    "pk": 26,
    "fields": {
        "urlcompra": "https://www.morales.com/search/search/categorylogin.php",
        "nombre": "Very foot fish car. Yeah agent not never especially. Will debate control always town option. Toward ",
        "familiagrafica": "AMD",
        "potenciacalculo": "Blood option gas.",
        "memoriavram": "Front.",
        "fecha_salida": "2024-10-20T21:15:09.742Z",
        "trazadorayos": true
    }
},
{
    "model": "tiendaordenadores.grafica",
    "pk": 27,
    "fields": {
        "urlcompra": "https://www.brooks.net/search/wp-content/blogregister.html",
        "nombre": "Behavior stock institution should chance letter. Two show head win tax which.",
        "familiagrafica": "Intel",
        "potenciacalculo": "Issue require exactly create.",
        "memoriavram": "Expect.",
        "fecha_salida": "2024-10-20T21:15:09.742Z",
        "trazadorayos": false
    }
},
{
    "model": "tiendaordenadores.grafica",
    "pk": 28,
    "fields": {
        "urlcompra": "http://www.matthews.com/tags/listterms.html",
        "nombre": "Ball agency visit case.\nSea someone century kid. Market piece want imagine century adult. Daughter t",
        "familiagrafica": "Intel",
        "potenciacalculo": "Board gun ever tonight score.",
        "memoriavram": "Force.",
        "fecha_salida": "2024-10-20T21:15:09.742Z",
        "trazadorayos": false
    }
},
{
    "model": "tiendaordenadores.grafica",
    "pk": 29,
    "fields": {
        "urlcompra": "https://www.blankenship.com/blog/listabout.php",
        "nombre": "Design help five food drive black she drug. Executive action behavior apply I. Eat itself stage heav",
        "familiagrafica": "Intel",
        "potenciacalculo": "Then thing free student.",
        "memoriavram": "If else.",
        "fecha_salida": "2024-10-20T21:15:09.742Z",
        "trazadorayos": false
    }
},
{
    "model": "tiendaordenadores.grafica",
    "pk": 30,
    "fields": {
        "urlcompra": "http://collins-ray.biz/search/tag/searchhomepage.html",
        "nombre": "Foreign imagine often fund mouth. Media something situation. Knowledge resource century early head t",
        "familiagrafica": "Intel",
        "potenciacalculo": "American share charge.",
        "memoriavram": "Sort.",
        "fecha_salida": "2024-10-20T21:15:09.742Z",
        "trazadorayos": false
    }
},
{
    "model": "tiendaordenadores.grafica",
    "pk": 31,
    "fields": {
        "urlcompra": "https://www.thompson.biz/wp-content/postsauthor.htm",
        "nombre": "Reason necessary fly sure.\nWill prove home answer. Condition on decide blue wonder follow. Eat exper",
        "familiagrafica": "Nvidia",
        "potenciacalculo": "Avoid whose generation rate.",
        "memoriavram": "Need.",
        "fecha_salida": "2024-10-20T21:15:09.742Z",
        "trazadorayos": false
    }
},
{
    "model": "tiendaordenadores.grafica",
    "pk": 32,
    "fields": {
        "urlcompra": "http://www.davidson-nguyen.com/app/blog/mainindex.html",
        "nombre": "Rich agree more science company. Special range successful own western. Color information central sug",
        "familiagrafica": "Intel",
        "potenciacalculo": "Rate item wait.",
        "memoriavram": "Partner.",
        "fecha_salida": "2024-10-20T21:15:09.742Z",
        "trazadorayos": true
    }
},
{
    "model": "tiendaordenadores.grafica",
    "pk": 33,
    "fields": {
        "urlcompra": "https://solomon.com/main/wp-content/categoryfaq.asp",
        "nombre": "Field plant near. Suggest above present tonight.\nEvidence stop away.\nGeneration big story indeed pra",
        "familiagrafica": "Intel",
        "potenciacalculo": "Save can much task born.",
        "memoriavram": "Career.",
        "fecha_salida": "2024-10-20T21:15:09.742Z",
        "trazadorayos": false
    }
},
{
    "model": "tiendaordenadores.grafica",
    "pk": 34,
    "fields": {
        "urlcompra": "http://www.cooper-holland.org/search/category/categoriessearch.htm",
        "nombre": "Itself determine yet democratic. Build start poor get.\nHuge be other choose turn. Level before would",
        "familiagrafica": "Nvidia",
        "potenciacalculo": "Give hospital investment.",
        "memoriavram": "Huge.",
        "fecha_salida": "2024-10-20T21:15:09.742Z",
        "trazadorayos": false
    }
},
{
    "model": "tiendaordenadores.grafica",
    "pk": 35,
    "fields": {
        "urlcompra": "http://www.dixon.com/wp-content/list/tagmain.html",
        "nombre": "Understand partner other citizen difference success article probably. Heart become analysis while se",
        "familiagrafica": "AMD",
        "potenciacalculo": "Often month know my.",
        "memoriavram": "Tonight.",
        "fecha_salida": "2024-10-20T21:15:09.742Z",
        "trazadorayos": false
    }
},
{
    "model": "tiendaordenadores.grafica",
    "pk": 36,
    "fields": {
        "urlcompra": "https://www.cruz.com/blog/explore/mainhome.html",
        "nombre": "About within role store give upon. Often nothing democratic woman body life operation bad. Couple be",
        "familiagrafica": "Intel",
        "potenciacalculo": "Stop degree news change deal.",
        "memoriavram": "Let.",
        "fecha_salida": "2024-10-20T21:15:09.742Z",
        "trazadorayos": false
    }
},
{
    "model": "tiendaordenadores.grafica",
    "pk": 37,
    "fields": {
        "urlcompra": "http://www.nunez.biz/wp-content/posts/categoryhomepage.php",
        "nombre": "My father minute employee per everyone remain. City up executive money offer. Position real less par",
        "familiagrafica": "Nvidia",
        "potenciacalculo": "Own media skill very light.",
        "memoriavram": "Quality.",
        "fecha_salida": "2024-10-20T21:15:09.742Z",
        "trazadorayos": true
    }
},
{
    "model": "tiendaordenadores.grafica",
    "pk": 38,
    "fields": {
        "urlcompra": "https://greene.net/tagsmain.php",
        "nombre": "Good child Mr bed. Simple drug voice indeed main line fact. Run commercial boy low left statement sc",
        "familiagrafica": "Intel",
        "potenciacalculo": "Through he finish artist his.",
        "memoriavram": "National.",
        "fecha_salida": "2024-10-20T21:15:09.742Z",
        "trazadorayos": false
    }
},
{
    "model": "tiendaordenadores.grafica",
    "pk": 39,
    "fields": {
        "urlcompra": "http://martin.com/blog/blog/postslogin.html",
        "nombre": "Audience purpose involve fill space provide many. Black likely claim now such assume position.",
        "familiagrafica": "Nvidia",
        "potenciacalculo": "Maybe reason old system.",
        "memoriavram": "Nothing.",
        "fecha_salida": "2024-10-20T21:15:09.742Z",
        "trazadorayos": true
    }
},
{
    "model": "tiendaordenadores.grafica",
    "pk": 40,
    "fields": {
        "urlcompra": "http://clark.net/categories/postsindex.html",
        "nombre": "Little full husband cause serve relationship none book. Wall sister out discussion find respond.\nMai",
        "familiagrafica": "AMD",
        "potenciacalculo": "Imagine idea speech.",
        "memoriavram": "Later.",
        "fecha_salida": "2024-10-20T21:15:09.742Z",
        "trazadorayos": true
    }
},
{
    "model": "tiendaordenadores.fuentealimentacion",
    "pk": 1,
    "fields": {
        "urlcompra": "http://www.collins-peterson.net/tags/category/bloghomepage.html",
        "vatios": "Or d",
        "amperaje": 0.5315221352186947,
        "conectoresdisponibles": "During rich call claim. Should any various while factor along often community. Fast set approach sug",
        "calidadfuente": "80Gold"
    }
},
{
    "model": "tiendaordenadores.fuentealimentacion",
    "pk": 2,
    "fields": {
        "urlcompra": "https://www.roberson.biz/search/blogpost.html",
        "vatios": "They",
        "amperaje": 0.8071195461505065,
        "conectoresdisponibles": "Mr source task point feeling. Major its sound top. Mission full make difference institution discuss ",
        "calidadfuente": "80Plat"
    }
},
{
    "model": "tiendaordenadores.fuentealimentacion",
    "pk": 3,
    "fields": {
        "urlcompra": "http://park-powell.com/tagfaq.htm",
        "vatios": "Red ",
        "amperaje": 0.8647742364937134,
        "conectoresdisponibles": "See environment mean where lead sport half themselves. What group herself field early.\nArt area trea",
        "calidadfuente": "80Bronce"
    }
},
{
    "model": "tiendaordenadores.fuentealimentacion",
    "pk": 4,
    "fields": {
        "urlcompra": "https://www.allen-johnson.net/app/exploreterms.htm",
        "vatios": "Soci",
        "amperaje": 0.3497466259456502,
        "conectoresdisponibles": "Charge sing important current feeling agency. After daughter yeah might chair before above military.",
        "calidadfuente": "80Silver"
    }
},
{
    "model": "tiendaordenadores.fuentealimentacion",
    "pk": 5,
    "fields": {
        "urlcompra": "https://fuentes.com/categories/wp-contentlogin.html",
        "vatios": "Hear",
        "amperaje": 0.07318440447420238,
        "conectoresdisponibles": "Before hard cold only program keep certainly. Church century detail huge science everybody.\nGreen se",
        "calidadfuente": "80Plat"
    }
},
{
    "model": "tiendaordenadores.fuentealimentacion",
    "pk": 6,
    "fields": {
        "urlcompra": "http://www.carson.com/categories/exploreprivacy.php",
        "vatios": "Watc",
        "amperaje": 0.7568535115360193,
        "conectoresdisponibles": "Staff wear new table. Smile various land civil body mother perform total. Exactly policy attack ther",
        "calidadfuente": "80Gold"
    }
},
{
    "model": "tiendaordenadores.fuentealimentacion",
    "pk": 7,
    "fields": {
        "urlcompra": "https://www.benitez.com/list/categoryhome.htm",
        "vatios": "Rema",
        "amperaje": 0.8701511410948167,
        "conectoresdisponibles": "Raise outside he day exist agency. Trade industry through budget look. Any choose help sister writer",
        "calidadfuente": "80Gold"
    }
},
{
    "model": "tiendaordenadores.fuentealimentacion",
    "pk": 8,
    "fields": {
        "urlcompra": "http://www.thornton.com/posts/blog/categoryterms.htm",
        "vatios": "Open",
        "amperaje": 0.8679483979837467,
        "conectoresdisponibles": "Mr contain she. Hear represent west others visit hope. Determine hair she now often daughter.",
        "calidadfuente": "80Gold"
    }
},
{
    "model": "tiendaordenadores.fuentealimentacion",
    "pk": 9,
    "fields": {
        "urlcompra": "https://fernandez-lee.com/search/posts/wp-contentcategory.htm",
        "vatios": "Inte",
        "amperaje": 0.3967882331531546,
        "conectoresdisponibles": "Within city night ready suddenly writer.\nLine rise sing. Card foreign foreign safe worker employee c",
        "calidadfuente": "80Titanium"
    }
},
{
    "model": "tiendaordenadores.fuentealimentacion",
    "pk": 10,
    "fields": {
        "urlcompra": "https://lester-moore.com/category/exploreabout.htm",
        "vatios": "Owne",
        "amperaje": 0.5507128738247818,
        "conectoresdisponibles": "Company author camera finish sea require kid. Visit environment sure line big way admit.\nGovernment ",
        "calidadfuente": "80Silver"
    }
},
{
    "model": "tiendaordenadores.fuentealimentacion",
    "pk": 11,
    "fields": {
        "urlcompra": "http://www.hubbard-king.com/tag/app/listmain.asp",
        "vatios": "Lot ",
        "amperaje": 0.46109061149188524,
        "conectoresdisponibles": "Car thing large program expect according media. Through whether new evening project. Open almost low",
        "calidadfuente": "80Bronce"
    }
},
{
    "model": "tiendaordenadores.fuentealimentacion",
    "pk": 12,
    "fields": {
        "urlcompra": "http://www.king-myers.com/tags/category/searchterms.jsp",
        "vatios": "Arti",
        "amperaje": 0.42266869390380557,
        "conectoresdisponibles": "Garden floor watch top painting. Water world wish.\nRich management challenge training marriage manag",
        "calidadfuente": "80Bronce"
    }
},
{
    "model": "tiendaordenadores.fuentealimentacion",
    "pk": 13,
    "fields": {
        "urlcompra": "https://www.garcia.com/explorehomepage.html",
        "vatios": "Espe",
        "amperaje": 0.2948713815965114,
        "conectoresdisponibles": "Physical yourself small write. Daughter if city mention ten unit. Establish top brother again.\nAppea",
        "calidadfuente": "80Gold"
    }
},
{
    "model": "tiendaordenadores.fuentealimentacion",
    "pk": 14,
    "fields": {
        "urlcompra": "http://haynes.biz/category/wp-content/categorymain.php",
        "vatios": "Act ",
        "amperaje": 0.12304381209394954,
        "conectoresdisponibles": "Central protect suddenly particularly per subject. Kind throw seem parent hair couple despite.\nPopul",
        "calidadfuente": "80Silver"
    }
},
{
    "model": "tiendaordenadores.fuentealimentacion",
    "pk": 15,
    "fields": {
        "urlcompra": "https://www.keller.org/tags/posts/tagsauthor.jsp",
        "vatios": "Eith",
        "amperaje": 0.4169660152245379,
        "conectoresdisponibles": "No shake hotel able. Whatever third necessary activity bar art air. Rate those deep admit almost.",
        "calidadfuente": "80Plat"
    }
},
{
    "model": "tiendaordenadores.fuentealimentacion",
    "pk": 16,
    "fields": {
        "urlcompra": "http://www.roth-mcdonald.org/blog/maincategory.asp",
        "vatios": "Up r",
        "amperaje": 0.24129907001625162,
        "conectoresdisponibles": "American deep prevent. Shoulder structure major each.\nSchool city well ability throughout character.",
        "calidadfuente": "80Plat"
    }
},
{
    "model": "tiendaordenadores.fuentealimentacion",
    "pk": 17,
    "fields": {
        "urlcompra": "http://coleman.com/categories/tag/searchfaq.html",
        "vatios": "Perh",
        "amperaje": 0.5396430507603341,
        "conectoresdisponibles": "Agent woman action along. Mrs long across lay.\nGun attorney where travel real fear simply. Question ",
        "calidadfuente": "80Gold"
    }
},
{
    "model": "tiendaordenadores.fuentealimentacion",
    "pk": 18,
    "fields": {
        "urlcompra": "http://www.hunt.com/categories/search/tagsfaq.jsp",
        "vatios": "Cent",
        "amperaje": 0.37386188975889756,
        "conectoresdisponibles": "Will someone consider realize action century night. White he third support.\nAffect mind arm wrong de",
        "calidadfuente": "80Plat"
    }
},
{
    "model": "tiendaordenadores.fuentealimentacion",
    "pk": 19,
    "fields": {
        "urlcompra": "http://www.allen.com/wp-content/categoriesfaq.html",
        "vatios": "Situ",
        "amperaje": 0.9646192782435411,
        "conectoresdisponibles": "First believe woman enough throw begin while able. Adult author between kitchen. Shake choose miss e",
        "calidadfuente": "80Gold"
    }
},
{
    "model": "tiendaordenadores.fuentealimentacion",
    "pk": 20,
    "fields": {
        "urlcompra": "https://www.harvey.com/category/listcategory.html",
        "vatios": "Ever",
        "amperaje": 0.7778903162190755,
        "conectoresdisponibles": "Speech power than lead available. Would let west hard.",
        "calidadfuente": "80Plat"
    }
},
{
    "model": "tiendaordenadores.fuentealimentacion",
    "pk": 21,
    "fields": {
        "urlcompra": "http://www.taylor.com/app/tag/tagindex.php",
        "vatios": "Whic",
        "amperaje": 0.3464459677081144,
        "conectoresdisponibles": "Stock professional tax over real. Network western ever several exist hand pretty.\nTop memory populat",
        "calidadfuente": "80Plat"
    }
},
{
    "model": "tiendaordenadores.fuentealimentacion",
    "pk": 22,
    "fields": {
        "urlcompra": "https://jones.com/list/tagpost.php",
        "vatios": "Inst",
        "amperaje": 0.17406063630314084,
        "conectoresdisponibles": "Clear commercial grow current cost. Feel fund employee under still. Coach audience benefit foreign m",
        "calidadfuente": "80Plat"
    }
},
{
    "model": "tiendaordenadores.fuentealimentacion",
    "pk": 23,
    "fields": {
        "urlcompra": "http://hooper.com/tagsauthor.html",
        "vatios": "Stra",
        "amperaje": 0.41678343729580125,
        "conectoresdisponibles": "Race pretty technology direction. Rate Mrs garden business daughter. Today push mention.\nCause quali",
        "calidadfuente": "80Silver"
    }
},
{
    "model": "tiendaordenadores.fuentealimentacion",
    "pk": 24,
    "fields": {
        "urlcompra": "http://phillips.com/main/explore/listfaq.html",
        "vatios": "Chil",
        "amperaje": 0.9206854692836002,
        "conectoresdisponibles": "Material true card fall. East teacher expect bit truth half. Group foot pay life pass bar industry c",
        "calidadfuente": "80Bronce"
    }
},
{
    "model": "tiendaordenadores.fuentealimentacion",
    "pk": 25,
    "fields": {
        "urlcompra": "http://www.sims.com/posts/exploreindex.htm",
        "vatios": "Mode",
        "amperaje": 0.2605388690454393,
        "conectoresdisponibles": "Color government hour fact course. Sea from present resource threat another. At agree probably techn",
        "calidadfuente": "80Gold"
    }
},
{
    "model": "tiendaordenadores.fuentealimentacion",
    "pk": 26,
    "fields": {
        "urlcompra": "https://www.chavez-tran.com/taglogin.php",
        "vatios": "Stud",
        "amperaje": 0.33229869087303165,
        "conectoresdisponibles": "Shake never develop member despite investment. Full camera give.\nForm gun author music. Such firm ol",
        "calidadfuente": "80Titanium"
    }
},
{
    "model": "tiendaordenadores.fuentealimentacion",
    "pk": 27,
    "fields": {
        "urlcompra": "http://stevens.com/main/explore/listcategory.htm",
        "vatios": "Late",
        "amperaje": 0.503246639758077,
        "conectoresdisponibles": "Perhaps TV perhaps turn assume admit. Since compare change down above game five.\nBeyond picture town",
        "calidadfuente": "80Titanium"
    }
},
{
    "model": "tiendaordenadores.fuentealimentacion",
    "pk": 28,
    "fields": {
        "urlcompra": "https://chase.com/searchcategory.htm",
        "vatios": "Simp",
        "amperaje": 0.8204446033947864,
        "conectoresdisponibles": "Anyone hope team star modern become every. Couple need four size evening act major. Plan own number ",
        "calidadfuente": "80Titanium"
    }
},
{
    "model": "tiendaordenadores.fuentealimentacion",
    "pk": 29,
    "fields": {
        "urlcompra": "https://murphy.com/tags/tags/blogpost.html",
        "vatios": "Ever",
        "amperaje": 0.8404174208843946,
        "conectoresdisponibles": "Conference production century morning understand various. Here candidate painting difference red smi",
        "calidadfuente": "80Gold"
    }
},
{
    "model": "tiendaordenadores.fuentealimentacion",
    "pk": 30,
    "fields": {
        "urlcompra": "http://www.garcia-byrd.net/blog/postsabout.html",
        "vatios": "Coup",
        "amperaje": 0.25971063685331186,
        "conectoresdisponibles": "Century blue then agency. Law or ball doctor. Watch better send improve though.\nReach two fear along",
        "calidadfuente": "80Silver"
    }
},
{
    "model": "tiendaordenadores.fuentealimentacion",
    "pk": 31,
    "fields": {
        "urlcompra": "https://higgins.com/categories/exploreterms.php",
        "vatios": "Figu",
        "amperaje": 0.7387218056285559,
        "conectoresdisponibles": "Wall during ok read Mr administration decision few. Within leader term visit practice certainly. Her",
        "calidadfuente": "80Gold"
    }
},
{
    "model": "tiendaordenadores.fuentealimentacion",
    "pk": 32,
    "fields": {
        "urlcompra": "https://howard-evans.com/wp-content/blog/searchindex.htm",
        "vatios": "Of m",
        "amperaje": 0.5300573538739957,
        "conectoresdisponibles": "Those could student TV concern side. Laugh eat speech member deep door easy blood.\nWord war relate j",
        "calidadfuente": "80Plat"
    }
},
{
    "model": "tiendaordenadores.fuentealimentacion",
    "pk": 33,
    "fields": {
        "urlcompra": "http://lee.biz/wp-content/blog/appindex.htm",
        "vatios": "Him ",
        "amperaje": 0.8181490126799444,
        "conectoresdisponibles": "Large already us. Bed successful onto network water project kid college. Analysis unit see music nat",
        "calidadfuente": "80Titanium"
    }
},
{
    "model": "tiendaordenadores.fuentealimentacion",
    "pk": 34,
    "fields": {
        "urlcompra": "http://torres-mccarthy.info/mainhomepage.php",
        "vatios": "Trea",
        "amperaje": 0.9109360293077376,
        "conectoresdisponibles": "Responsibility son artist place risk memory. Institution cover ground knowledge dinner spend physica",
        "calidadfuente": "80Silver"
    }
},
{
    "model": "tiendaordenadores.fuentealimentacion",
    "pk": 35,
    "fields": {
        "urlcompra": "http://clark.com/categorieshomepage.jsp",
        "vatios": "Low ",
        "amperaje": 0.9221268010969302,
        "conectoresdisponibles": "Which certainly its positive role hold last national. And improve medical claim suggest rest. Focus ",
        "calidadfuente": "80Bronce"
    }
},
{
    "model": "tiendaordenadores.fuentealimentacion",
    "pk": 36,
    "fields": {
        "urlcompra": "http://davis.com/list/exploreauthor.htm",
        "vatios": "Prob",
        "amperaje": 0.39890257276761354,
        "conectoresdisponibles": "Our how exactly activity.\nFight society bit social hit. Home certain player catch. Treat sense vote ",
        "calidadfuente": "80Bronce"
    }
},
{
    "model": "tiendaordenadores.fuentealimentacion",
    "pk": 37,
    "fields": {
        "urlcompra": "http://church.biz/tagslogin.htm",
        "vatios": "Prev",
        "amperaje": 0.5950881375716047,
        "conectoresdisponibles": "Offer black ok current. Explain large north tree.\nCongress yeah appear herself off owner. That weste",
        "calidadfuente": "80Silver"
    }
},
{
    "model": "tiendaordenadores.fuentealimentacion",
    "pk": 38,
    "fields": {
        "urlcompra": "http://www.ramsey.com/tag/blog/tagsmain.html",
        "vatios": "Risk",
        "amperaje": 0.02699969141109737,
        "conectoresdisponibles": "Campaign far dinner teacher vote arm. Into why class economic. Investment team without science. Desp",
        "calidadfuente": "80Titanium"
    }
},
{
    "model": "tiendaordenadores.fuentealimentacion",
    "pk": 39,
    "fields": {
        "urlcompra": "http://www.stone.org/explore/main/searchauthor.html",
        "vatios": "Trad",
        "amperaje": 0.3579261500487273,
        "conectoresdisponibles": "Wish not environmental top control throw teacher town. Herself image success large wrong. Edge recen",
        "calidadfuente": "80Silver"
    }
},
{
    "model": "tiendaordenadores.fuentealimentacion",
    "pk": 40,
    "fields": {
        "urlcompra": "https://www.hess.com/listfaq.html",
        "vatios": "Top ",
        "amperaje": 0.6105124812576788,
        "conectoresdisponibles": "Last start others nature write risk year. Accept couple wall describe two issue.\nRisk occur eat serv",
        "calidadfuente": "80Silver"
    }
},
{
    "model": "tiendaordenadores.placabase",
    "pk": 1,
    "fields": {
        "urlcompra": "https://day-lopez.info/explore/listhomepage.html",
        "nombre": "Spring almost little his stand community production. Field movement risk decade low main. Paper of p",
        "familiaplacabase": "Intel",
        "vrm_placa": 0.1789828340023546,
        "rgb": true,
        "hdds": [
            6,
            10,
            15,
            19,
            20,
            30
        ],
        "monitores": [
            2,
            5,
            10,
            14,
            15,
            24
        ],
        "rams": [
            2,
            11,
            31,
            35
        ]
    }
},
{
    "model": "tiendaordenadores.placabase",
    "pk": 2,
    "fields": {
        "urlcompra": "https://www.mitchell.com/posts/mainlogin.htm",
        "nombre": "Hospital chair audience family democratic central than dream. Give really young scene discuss electi",
        "familiaplacabase": "Intel",
        "vrm_placa": 0.7903373660824542,
        "rgb": true,
        "hdds": [
            3,
            14,
            24,
            30,
            32,
            37
        ],
        "monitores": [
            33
        ],
        "rams": [
            2,
            5,
            11,
            13,
            28,
            36,
            38
        ]
    }
},
{
    "model": "tiendaordenadores.placabase",
    "pk": 3,
    "fields": {
        "urlcompra": "https://www.ross.com/appindex.html",
        "nombre": "Model seek career soldier section forget. Article authority now feeling decision physical computer p",
        "familiaplacabase": "Ryzen",
        "vrm_placa": 0.3528913388155225,
        "rgb": true,
        "hdds": [
            2,
            5,
            20,
            26,
            28,
            32,
            39
        ],
        "monitores": [
            3,
            10
        ],
        "rams": [
            9,
            10,
            14,
            25,
            26,
            29,
            38
        ]
    }
},
{
    "model": "tiendaordenadores.placabase",
    "pk": 4,
    "fields": {
        "urlcompra": "https://www.smith.com/category/explore/categoriesmain.jsp",
        "nombre": "Million safe political cut career member open. Series nearly force less measure pressure fish. Child",
        "familiaplacabase": "Ryzen",
        "vrm_placa": 0.5150278671153986,
        "rgb": false,
        "hdds": [
            1,
            2,
            7,
            8,
            11,
            24,
            28
        ],
        "monitores": [
            13
        ],
        "rams": [
            3,
            14,
            23,
            24,
            38
        ]
    }
},
{
    "model": "tiendaordenadores.placabase",
    "pk": 5,
    "fields": {
        "urlcompra": "https://www.lopez.info/postshomepage.htm",
        "nombre": "Wonder property interest popular. Respond none light race human black ask. Choice fine goal so much ",
        "familiaplacabase": "Intel",
        "vrm_placa": 0.5522900662306155,
        "rgb": false,
        "hdds": [
            5,
            14,
            26,
            37
        ],
        "monitores": [
            13,
            15,
            26,
            33,
            35,
            40
        ],
        "rams": [
            16,
            32
        ]
    }
},
{
    "model": "tiendaordenadores.placabase",
    "pk": 6,
    "fields": {
        "urlcompra": "http://cole.com/category/categoryindex.htm",
        "nombre": "Generation spring three budget oil simple property allow. Little government practice agency tell voi",
        "familiaplacabase": "Intel",
        "vrm_placa": 0.5832395872256523,
        "rgb": true,
        "hdds": [
            2,
            7,
            19,
            28,
            30
        ],
        "monitores": [
            5,
            15
        ],
        "rams": [
            31
        ]
    }
},
{
    "model": "tiendaordenadores.placabase",
    "pk": 7,
    "fields": {
        "urlcompra": "http://www.elliott.net/tag/tags/tagscategory.html",
        "nombre": "Of him probably control service actually word. Assume we also personal other mind include. Developme",
        "familiaplacabase": "Ryzen",
        "vrm_placa": 0.44007560227064413,
        "rgb": false,
        "hdds": [
            5,
            12,
            22,
            34,
            36,
            40
        ],
        "monitores": [
            4,
            12,
            31,
            35,
            40
        ],
        "rams": [
            1,
            2,
            7,
            19,
            30,
            40
        ]
    }
},
{
    "model": "tiendaordenadores.placabase",
    "pk": 8,
    "fields": {
        "urlcompra": "http://www.welch.org/category/list/blogauthor.php",
        "nombre": "Letter quite day remain. Cover debate factor trade local middle do together. Day sea reveal second b",
        "familiaplacabase": "Ryzen",
        "vrm_placa": 0.017861640373902476,
        "rgb": false,
        "hdds": [
            4,
            5,
            18,
            22,
            28
        ],
        "monitores": [
            1,
            11,
            18,
            19,
            23,
            29,
            32,
            35,
            39
        ],
        "rams": [
            2
        ]
    }
},
{
    "model": "tiendaordenadores.placabase",
    "pk": 9,
    "fields": {
        "urlcompra": "http://jacobs-garcia.biz/app/wp-content/poststerms.php",
        "nombre": "Certainly radio every week purpose spring. Break degree center floor bring.\nEye method least story n",
        "familiaplacabase": "Ryzen",
        "vrm_placa": 0.45011384026192036,
        "rgb": false,
        "hdds": [
            6,
            25,
            35
        ],
        "monitores": [
            9,
            19,
            40
        ],
        "rams": [
            10,
            18,
            21,
            38,
            40
        ]
    }
},
{
    "model": "tiendaordenadores.placabase",
    "pk": 10,
    "fields": {
        "urlcompra": "https://www.lee.com/categoryprivacy.htm",
        "nombre": "There fund poor report decision establish. Speak little investment family manage bill treatment whos",
        "familiaplacabase": "Ryzen",
        "vrm_placa": 0.4843718457403512,
        "rgb": false,
        "hdds": [
            6,
            7,
            12,
            18,
            23,
            36
        ],
        "monitores": [
            24,
            30
        ],
        "rams": [
            4,
            10,
            16,
            37
        ]
    }
},
{
    "model": "tiendaordenadores.placabase",
    "pk": 11,
    "fields": {
        "urlcompra": "http://chapman.biz/wp-contentprivacy.php",
        "nombre": "Physical professional score she nothing fund. Back provide two approach your there purpose.\nSource w",
        "familiaplacabase": "Intel",
        "vrm_placa": 0.715942138850094,
        "rgb": true,
        "hdds": [
            12,
            19,
            27,
            31
        ],
        "monitores": [
            19
        ],
        "rams": [
            5,
            18,
            25,
            28,
            35,
            40
        ]
    }
},
{
    "model": "tiendaordenadores.placabase",
    "pk": 12,
    "fields": {
        "urlcompra": "https://martin-barnes.org/searchregister.html",
        "nombre": "Across ok herself college. Talk modern against.\nOwner poor part likely since wish into political. To",
        "familiaplacabase": "Ryzen",
        "vrm_placa": 0.7704415243426538,
        "rgb": true,
        "hdds": [
            10
        ],
        "monitores": [
            2,
            17,
            40
        ],
        "rams": [
            6,
            16,
            19,
            25,
            33,
            34,
            35,
            40
        ]
    }
},
{
    "model": "tiendaordenadores.placabase",
    "pk": 13,
    "fields": {
        "urlcompra": "http://www.wilson-barnes.com/categoriesindex.html",
        "nombre": "Ahead happy sound western movie cultural. Both company year figure add. Task even while whole source",
        "familiaplacabase": "Ryzen",
        "vrm_placa": 0.3210243306797381,
        "rgb": true,
        "hdds": [
            6,
            9,
            11,
            12,
            16,
            20,
            23,
            33,
            36
        ],
        "monitores": [
            4,
            27,
            35
        ],
        "rams": [
            2,
            11,
            12,
            20,
            21
        ]
    }
},
{
    "model": "tiendaordenadores.placabase",
    "pk": 14,
    "fields": {
        "urlcompra": "https://wallace.com/postscategory.php",
        "nombre": "Plan necessary east account part. Every fear part capital have soldier. Suffer realize material reli",
        "familiaplacabase": "Ryzen",
        "vrm_placa": 0.4220109424398,
        "rgb": false,
        "hdds": [
            17,
            29
        ],
        "monitores": [
            2,
            17,
            19,
            20
        ],
        "rams": [
            2,
            3,
            5,
            18,
            23,
            29
        ]
    }
},
{
    "model": "tiendaordenadores.placabase",
    "pk": 15,
    "fields": {
        "urlcompra": "http://lewis.com/posts/category/categoryprivacy.html",
        "nombre": "Can of audience training sometimes factor land. Look enjoy dinner hit become successful one. Job dre",
        "familiaplacabase": "Intel",
        "vrm_placa": 0.47091375773150157,
        "rgb": true,
        "hdds": [
            2,
            11,
            25,
            33,
            34
        ],
        "monitores": [
            6,
            14,
            27,
            36,
            39
        ],
        "rams": [
            1,
            8,
            19,
            24,
            38
        ]
    }
},
{
    "model": "tiendaordenadores.placabase",
    "pk": 16,
    "fields": {
        "urlcompra": "https://macdonald.com/categories/search/searchregister.htm",
        "nombre": "Seven reflect about south financial indicate scene.\nUnder natural herself. Nothing beat over today e",
        "familiaplacabase": "Intel",
        "vrm_placa": 0.519975619060219,
        "rgb": false,
        "hdds": [
            10,
            15,
            38
        ],
        "monitores": [
            1,
            2,
            10,
            21,
            23,
            24,
            26,
            31
        ],
        "rams": [
            1
        ]
    }
},
{
    "model": "tiendaordenadores.placabase",
    "pk": 17,
    "fields": {
        "urlcompra": "https://wells.com/explore/posts/postsregister.asp",
        "nombre": "Few information already probably. Discussion bill it just piece serve here. Thought not able history",
        "familiaplacabase": "Intel",
        "vrm_placa": 0.8404608294991942,
        "rgb": true,
        "hdds": [
            14,
            36,
            39
        ],
        "monitores": [
            1,
            2,
            8,
            12,
            19,
            36
        ],
        "rams": [
            5,
            20
        ]
    }
},
{
    "model": "tiendaordenadores.placabase",
    "pk": 18,
    "fields": {
        "urlcompra": "https://www.cohen-haynes.com/searchlogin.htm",
        "nombre": "Already medical west night perhaps site. Exactly last despite expert environmental available last. F",
        "familiaplacabase": "Ryzen",
        "vrm_placa": 0.8327858754624419,
        "rgb": true,
        "hdds": [
            23
        ],
        "monitores": [
            4,
            10,
            12,
            16,
            18,
            22
        ],
        "rams": [
            1,
            11,
            13,
            16,
            30,
            31
        ]
    }
},
{
    "model": "tiendaordenadores.placabase",
    "pk": 19,
    "fields": {
        "urlcompra": "http://taylor.org/posts/bloghomepage.asp",
        "nombre": "Population strong bill could record ahead adult notice. Stop soldier perhaps much. Buy listen key mi",
        "familiaplacabase": "Intel",
        "vrm_placa": 0.9885125131940565,
        "rgb": true,
        "hdds": [
            3,
            8
        ],
        "monitores": [
            20,
            22,
            24,
            27,
            28,
            29
        ],
        "rams": [
            19
        ]
    }
},
{
    "model": "tiendaordenadores.placabase",
    "pk": 20,
    "fields": {
        "urlcompra": "http://www.miller.com/categories/appfaq.asp",
        "nombre": "Service majority at relate power. Property there one eight.\nCommunity deep dog political do include.",
        "familiaplacabase": "Ryzen",
        "vrm_placa": 0.001038141528182157,
        "rgb": true,
        "hdds": [
            17,
            19,
            22
        ],
        "monitores": [
            2,
            7,
            14,
            18,
            23,
            31,
            33
        ],
        "rams": [
            4,
            5,
            12,
            13,
            19,
            25,
            29,
            35
        ]
    }
},
{
    "model": "tiendaordenadores.placabase",
    "pk": 21,
    "fields": {
        "urlcompra": "http://poole.net/searchmain.php",
        "nombre": "Safe car green from. Theory tell brother rule why yes. Market international either relationship.",
        "familiaplacabase": "Intel",
        "vrm_placa": 0.24251713740502945,
        "rgb": true,
        "hdds": [
            3,
            7,
            12,
            14,
            15,
            30,
            36,
            38
        ],
        "monitores": [
            3,
            7,
            23,
            26,
            28
        ],
        "rams": [
            2,
            10,
            20,
            22,
            26,
            27,
            28,
            31,
            36
        ]
    }
},
{
    "model": "tiendaordenadores.placabase",
    "pk": 22,
    "fields": {
        "urlcompra": "https://ayala.com/app/exploreabout.php",
        "nombre": "Part huge new case quite sometimes door. Film above sure bar. Realize hot center phone protect perfo",
        "familiaplacabase": "Intel",
        "vrm_placa": 0.5406972769390607,
        "rgb": false,
        "hdds": [
            14,
            22
        ],
        "monitores": [
            6,
            20,
            32
        ],
        "rams": [
            2,
            25
        ]
    }
},
{
    "model": "tiendaordenadores.placabase",
    "pk": 23,
    "fields": {
        "urlcompra": "http://joseph.com/app/tagsprivacy.php",
        "nombre": "Newspaper western defense many. Group toward house between. Majority out pressure including enjoy re",
        "familiaplacabase": "Ryzen",
        "vrm_placa": 0.4023645116208394,
        "rgb": false,
        "hdds": [
            7,
            9,
            33,
            35
        ],
        "monitores": [
            37
        ],
        "rams": [
            5,
            18,
            20,
            31
        ]
    }
},
{
    "model": "tiendaordenadores.placabase",
    "pk": 24,
    "fields": {
        "urlcompra": "http://www.garcia.com/main/wp-content/categorieshome.asp",
        "nombre": "Soon thousand evening area grow guess task law. Four mother owner production forget.",
        "familiaplacabase": "Ryzen",
        "vrm_placa": 0.6800290959972524,
        "rgb": true,
        "hdds": [
            15,
            27,
            32,
            34
        ],
        "monitores": [
            13,
            14,
            20,
            24,
            32,
            35,
            38,
            39
        ],
        "rams": [
            3,
            13,
            29,
            30
        ]
    }
},
{
    "model": "tiendaordenadores.placabase",
    "pk": 25,
    "fields": {
        "urlcompra": "https://carter.com/searchsearch.php",
        "nombre": "School bed which analysis during finally Mr cup. Phone write ago but break. My practice age spring i",
        "familiaplacabase": "Intel",
        "vrm_placa": 0.7517325649124478,
        "rgb": false,
        "hdds": [
            1,
            2,
            3,
            5,
            22,
            29
        ],
        "monitores": [
            4
        ],
        "rams": [
            14,
            29
        ]
    }
},
{
    "model": "tiendaordenadores.placabase",
    "pk": 26,
    "fields": {
        "urlcompra": "https://torres.net/tags/exploreprivacy.html",
        "nombre": "Plant together total woman do plan. Government side few us responsibility race piece. Program popula",
        "familiaplacabase": "Ryzen",
        "vrm_placa": 0.3555367782798634,
        "rgb": false,
        "hdds": [
            3,
            15,
            28,
            36
        ],
        "monitores": [
            2,
            8,
            14,
            17,
            20,
            31,
            36
        ],
        "rams": [
            6,
            17,
            19,
            30,
            35,
            36
        ]
    }
},
{
    "model": "tiendaordenadores.placabase",
    "pk": 27,
    "fields": {
        "urlcompra": "https://james.com/appfaq.jsp",
        "nombre": "Until kid response. Rich control toward particularly key budget.\nIt majority season citizen be secti",
        "familiaplacabase": "Ryzen",
        "vrm_placa": 0.5813244637918292,
        "rgb": false,
        "hdds": [
            8,
            10,
            11,
            21,
            31,
            40
        ],
        "monitores": [
            12
        ],
        "rams": [
            12,
            35
        ]
    }
},
{
    "model": "tiendaordenadores.placabase",
    "pk": 28,
    "fields": {
        "urlcompra": "http://www.perkins.org/tagindex.php",
        "nombre": "Radio degree husband president name. Administration father here player institution reason reason.",
        "familiaplacabase": "Intel",
        "vrm_placa": 0.88388156081609,
        "rgb": true,
        "hdds": [
            34
        ],
        "monitores": [
            3,
            5,
            25
        ],
        "rams": [
            2,
            8,
            9,
            12,
            17,
            27,
            38,
            40
        ]
    }
},
{
    "model": "tiendaordenadores.placabase",
    "pk": 29,
    "fields": {
        "urlcompra": "http://www.roth-warren.com/listfaq.html",
        "nombre": "Method heart return tax cover make. Image onto seem leave. Successful consider me compare if you. Ot",
        "familiaplacabase": "Intel",
        "vrm_placa": 0.6436908344153477,
        "rgb": false,
        "hdds": [
            12,
            24
        ],
        "monitores": [
            3,
            4,
            18,
            30
        ],
        "rams": [
            5,
            11,
            13,
            16,
            26,
            40
        ]
    }
},
{
    "model": "tiendaordenadores.placabase",
    "pk": 30,
    "fields": {
        "urlcompra": "https://rogers.com/categories/mainregister.php",
        "nombre": "Style particularly everything long certainly maybe. Across I white sort bed. Drive establish exactly",
        "familiaplacabase": "Ryzen",
        "vrm_placa": 0.8667413796917289,
        "rgb": true,
        "hdds": [
            18
        ],
        "monitores": [
            4,
            14,
            15,
            19,
            22,
            29,
            32,
            38,
            40
        ],
        "rams": [
            2,
            25,
            27
        ]
    }
},
{
    "model": "tiendaordenadores.placabase",
    "pk": 31,
    "fields": {
        "urlcompra": "https://glass.info/app/blogindex.php",
        "nombre": "Picture again imagine moment poor.\nSurface reality security bag measure yes nothing base. Yourself m",
        "familiaplacabase": "Ryzen",
        "vrm_placa": 0.050860536652665544,
        "rgb": true,
        "hdds": [
            4,
            10,
            17,
            22,
            25,
            27,
            33,
            39,
            40
        ],
        "monitores": [
            13,
            15,
            19
        ],
        "rams": [
            29,
            32,
            40
        ]
    }
},
{
    "model": "tiendaordenadores.placabase",
    "pk": 32,
    "fields": {
        "urlcompra": "http://www.olson.com/posts/explore/tagsterms.html",
        "nombre": "Need stop listen whose value eye enter. Sound professor do. Call newspaper sign mother parent expert",
        "familiaplacabase": "Intel",
        "vrm_placa": 0.7417389835669851,
        "rgb": false,
        "hdds": [
            4,
            25,
            26,
            40
        ],
        "monitores": [
            6,
            17,
            32
        ],
        "rams": [
            9,
            11,
            16
        ]
    }
},
{
    "model": "tiendaordenadores.placabase",
    "pk": 33,
    "fields": {
        "urlcompra": "https://www.williams.org/appabout.php",
        "nombre": "For whether better central peace card.\nCold environmental analysis evidence law even appear. Food st",
        "familiaplacabase": "Ryzen",
        "vrm_placa": 0.46199600932286244,
        "rgb": true,
        "hdds": [
            1,
            15,
            17,
            20,
            24,
            29,
            39
        ],
        "monitores": [
            12,
            13,
            17,
            20,
            25,
            34
        ],
        "rams": [
            7,
            13,
            25,
            35,
            40
        ]
    }
},
{
    "model": "tiendaordenadores.placabase",
    "pk": 34,
    "fields": {
        "urlcompra": "http://evans.com/explore/searchauthor.html",
        "nombre": "Offer involve exactly certainly. Least citizen behind example data pretty. Wife material together we",
        "familiaplacabase": "Ryzen",
        "vrm_placa": 0.9193221318030201,
        "rgb": true,
        "hdds": [
            15,
            21,
            22,
            26,
            30,
            34,
            36,
            37
        ],
        "monitores": [
            16,
            27,
            34
        ],
        "rams": [
            7,
            11,
            20,
            21,
            23,
            24,
            25,
            27
        ]
    }
},
{
    "model": "tiendaordenadores.placabase",
    "pk": 35,
    "fields": {
        "urlcompra": "http://www.ball.com/category/searchsearch.html",
        "nombre": "Language personal necessary trial protect put. Today card wait truth enough lawyer. Energy itself me",
        "familiaplacabase": "Ryzen",
        "vrm_placa": 0.3842829507721307,
        "rgb": true,
        "hdds": [
            13,
            25,
            26,
            30,
            32,
            35,
            37
        ],
        "monitores": [
            12,
            15
        ],
        "rams": [
            6,
            9,
            13,
            16,
            24,
            31,
            32,
            36
        ]
    }
},
{
    "model": "tiendaordenadores.placabase",
    "pk": 36,
    "fields": {
        "urlcompra": "https://tanner-bradley.biz/blogabout.htm",
        "nombre": "Cultural power last baby order important. Memory religious news war represent front could. Approach ",
        "familiaplacabase": "Ryzen",
        "vrm_placa": 0.767888877438147,
        "rgb": false,
        "hdds": [
            9,
            14
        ],
        "monitores": [
            17,
            19,
            24,
            30,
            31,
            32,
            35,
            36
        ],
        "rams": [
            1,
            24,
            32
        ]
    }
},
{
    "model": "tiendaordenadores.placabase",
    "pk": 37,
    "fields": {
        "urlcompra": "https://clarke-zamora.net/explore/mainhomepage.html",
        "nombre": "Court entire allow police. Believe find make policy structure card. Would bank city.\nType seven acco",
        "familiaplacabase": "Intel",
        "vrm_placa": 0.38328460679181586,
        "rgb": true,
        "hdds": [
            4,
            9,
            37
        ],
        "monitores": [
            2,
            10,
            13,
            21,
            22,
            32
        ],
        "rams": [
            3,
            5,
            8,
            15,
            22,
            28
        ]
    }
},
{
    "model": "tiendaordenadores.placabase",
    "pk": 38,
    "fields": {
        "urlcompra": "https://www.flores.info/main/appregister.html",
        "nombre": "Friend expect third understand on. Executive laugh six personal raise say method.",
        "familiaplacabase": "Intel",
        "vrm_placa": 0.0750041442183933,
        "rgb": false,
        "hdds": [
            1,
            8,
            26
        ],
        "monitores": [
            6
        ],
        "rams": [
            7,
            17,
            20,
            33
        ]
    }
},
{
    "model": "tiendaordenadores.placabase",
    "pk": 39,
    "fields": {
        "urlcompra": "https://www.thomas.org/tags/mainhomepage.htm",
        "nombre": "Owner public resource. Shoulder reach article create ok.\nAbility pull animal size old economic. Acro",
        "familiaplacabase": "Ryzen",
        "vrm_placa": 0.19279079209830985,
        "rgb": false,
        "hdds": [
            2,
            7,
            16,
            25,
            26,
            33
        ],
        "monitores": [
            3,
            28,
            32,
            34,
            39
        ],
        "rams": [
            10,
            21
        ]
    }
},
{
    "model": "tiendaordenadores.placabase",
    "pk": 40,
    "fields": {
        "urlcompra": "http://lucas.com/tagfaq.html",
        "nombre": "Direction agency social owner learn. Risk indeed yeah open most. Environmental television minute spe",
        "familiaplacabase": "Ryzen",
        "vrm_placa": 0.04057348379339476,
        "rgb": true,
        "hdds": [
            13,
            30,
            34
        ],
        "monitores": [
            8
        ],
        "rams": [
            6,
            7,
            22,
            24,
            25,
            27,
            36
        ]
    }
},
{
    "model": "tiendaordenadores.monitor",
    "pk": 1,
    "fields": {
        "urlcompra": "http://www.vasquez.com/explore/app/searchterms.htm",
        "hz": "Admi",
        "calidad_respuesta": "0.04848",
        "curvo": true,
        "pantallafiltroplasma": false
    }
},
{
    "model": "tiendaordenadores.monitor",
    "pk": 2,
    "fields": {
        "urlcompra": "http://saunders.net/category/wp-content/tagsabout.html",
        "hz": "Outs",
        "calidad_respuesta": "0.90656",
        "curvo": false,
        "pantallafiltroplasma": true
    }
},
{
    "model": "tiendaordenadores.monitor",
    "pk": 3,
    "fields": {
        "urlcompra": "https://cantrell.com/taglogin.htm",
        "hz": "Summ",
        "calidad_respuesta": "0.99749",
        "curvo": true,
        "pantallafiltroplasma": true
    }
},
{
    "model": "tiendaordenadores.monitor",
    "pk": 4,
    "fields": {
        "urlcompra": "http://duke.com/blog/search/taghomepage.php",
        "hz": "One ",
        "calidad_respuesta": "0.52337",
        "curvo": false,
        "pantallafiltroplasma": false
    }
},
{
    "model": "tiendaordenadores.monitor",
    "pk": 5,
    "fields": {
        "urlcompra": "http://www.steele.info/categories/posts/tagabout.asp",
        "hz": "Whil",
        "calidad_respuesta": "0.50048",
        "curvo": true,
        "pantallafiltroplasma": true
    }
},
{
    "model": "tiendaordenadores.monitor",
    "pk": 6,
    "fields": {
        "urlcompra": "https://www.thornton.net/list/explore/tagsprivacy.html",
        "hz": "Arti",
        "calidad_respuesta": "0.41729",
        "curvo": true,
        "pantallafiltroplasma": false
    }
},
{
    "model": "tiendaordenadores.monitor",
    "pk": 7,
    "fields": {
        "urlcompra": "https://www.klein.info/app/postsprivacy.jsp",
        "hz": "Role",
        "calidad_respuesta": "0.28011",
        "curvo": true,
        "pantallafiltroplasma": true
    }
},
{
    "model": "tiendaordenadores.monitor",
    "pk": 8,
    "fields": {
        "urlcompra": "http://ramirez-thomas.com/blog/searchhome.html",
        "hz": "Ask ",
        "calidad_respuesta": "0.87579",
        "curvo": false,
        "pantallafiltroplasma": false
    }
},
{
    "model": "tiendaordenadores.monitor",
    "pk": 9,
    "fields": {
        "urlcompra": "https://www.johnson.biz/tagshomepage.htm",
        "hz": "May ",
        "calidad_respuesta": "0.05605",
        "curvo": false,
        "pantallafiltroplasma": false
    }
},
{
    "model": "tiendaordenadores.monitor",
    "pk": 10,
    "fields": {
        "urlcompra": "https://www.henderson.com/tags/tags/postsmain.html",
        "hz": "Succ",
        "calidad_respuesta": "0.34243",
        "curvo": false,
        "pantallafiltroplasma": true
    }
},
{
    "model": "tiendaordenadores.monitor",
    "pk": 11,
    "fields": {
        "urlcompra": "http://www.durham.org/tags/listindex.htm",
        "hz": "Whet",
        "calidad_respuesta": "0.15404",
        "curvo": true,
        "pantallafiltroplasma": true
    }
},
{
    "model": "tiendaordenadores.monitor",
    "pk": 12,
    "fields": {
        "urlcompra": "https://summers-davis.com/main/list/categoriessearch.htm",
        "hz": "Medi",
        "calidad_respuesta": "0.34767",
        "curvo": true,
        "pantallafiltroplasma": true
    }
},
{
    "model": "tiendaordenadores.monitor",
    "pk": 13,
    "fields": {
        "urlcompra": "https://www.roberts.biz/tags/exploreregister.htm",
        "hz": "Ok s",
        "calidad_respuesta": "0.39833",
        "curvo": true,
        "pantallafiltroplasma": true
    }
},
{
    "model": "tiendaordenadores.monitor",
    "pk": 14,
    "fields": {
        "urlcompra": "http://allen.com/tagterms.jsp",
        "hz": "Any ",
        "calidad_respuesta": "0.90434",
        "curvo": false,
        "pantallafiltroplasma": false
    }
},
{
    "model": "tiendaordenadores.monitor",
    "pk": 15,
    "fields": {
        "urlcompra": "http://www.clark.com/explore/search/appindex.html",
        "hz": "Curr",
        "calidad_respuesta": "0.43835",
        "curvo": true,
        "pantallafiltroplasma": false
    }
},
{
    "model": "tiendaordenadores.monitor",
    "pk": 16,
    "fields": {
        "urlcompra": "https://estes.com/categorycategory.html",
        "hz": "Even",
        "calidad_respuesta": "0.93305",
        "curvo": true,
        "pantallafiltroplasma": true
    }
},
{
    "model": "tiendaordenadores.monitor",
    "pk": 17,
    "fields": {
        "urlcompra": "https://reynolds.com/postsindex.html",
        "hz": "Mana",
        "calidad_respuesta": "0.52175",
        "curvo": false,
        "pantallafiltroplasma": true
    }
},
{
    "model": "tiendaordenadores.monitor",
    "pk": 18,
    "fields": {
        "urlcompra": "http://mclaughlin.info/mainregister.htm",
        "hz": "Rece",
        "calidad_respuesta": "0.37780",
        "curvo": false,
        "pantallafiltroplasma": true
    }
},
{
    "model": "tiendaordenadores.monitor",
    "pk": 19,
    "fields": {
        "urlcompra": "http://www.richards-patterson.com/search/apphome.htm",
        "hz": "Idea",
        "calidad_respuesta": "0.48017",
        "curvo": true,
        "pantallafiltroplasma": true
    }
},
{
    "model": "tiendaordenadores.monitor",
    "pk": 20,
    "fields": {
        "urlcompra": "https://www.tran-anderson.com/wp-content/list/blogterms.html",
        "hz": "Poli",
        "calidad_respuesta": "0.94128",
        "curvo": false,
        "pantallafiltroplasma": false
    }
},
{
    "model": "tiendaordenadores.monitor",
    "pk": 21,
    "fields": {
        "urlcompra": "http://chase.info/list/tagcategory.php",
        "hz": "Grea",
        "calidad_respuesta": "0.70905",
        "curvo": true,
        "pantallafiltroplasma": true
    }
},
{
    "model": "tiendaordenadores.monitor",
    "pk": 22,
    "fields": {
        "urlcompra": "https://www.harris.com/wp-contentabout.asp",
        "hz": "Five",
        "calidad_respuesta": "0.96837",
        "curvo": true,
        "pantallafiltroplasma": false
    }
},
{
    "model": "tiendaordenadores.monitor",
    "pk": 23,
    "fields": {
        "urlcompra": "https://www.cook-harris.com/wp-content/tags/listlogin.php",
        "hz": "Pict",
        "calidad_respuesta": "0.34088",
        "curvo": false,
        "pantallafiltroplasma": true
    }
},
{
    "model": "tiendaordenadores.monitor",
    "pk": 24,
    "fields": {
        "urlcompra": "https://www.garcia-vasquez.com/categoriesauthor.asp",
        "hz": "Ener",
        "calidad_respuesta": "0.94971",
        "curvo": false,
        "pantallafiltroplasma": false
    }
},
{
    "model": "tiendaordenadores.monitor",
    "pk": 25,
    "fields": {
        "urlcompra": "http://www.crawford.com/searchsearch.jsp",
        "hz": "Simp",
        "calidad_respuesta": "0.32314",
        "curvo": true,
        "pantallafiltroplasma": false
    }
},
{
    "model": "tiendaordenadores.monitor",
    "pk": 26,
    "fields": {
        "urlcompra": "https://king.com/main/category/mainindex.htm",
        "hz": "Memo",
        "calidad_respuesta": "0.38963",
        "curvo": false,
        "pantallafiltroplasma": true
    }
},
{
    "model": "tiendaordenadores.monitor",
    "pk": 27,
    "fields": {
        "urlcompra": "http://www.leon.biz/blogindex.jsp",
        "hz": "Ten ",
        "calidad_respuesta": "0.93967",
        "curvo": false,
        "pantallafiltroplasma": false
    }
},
{
    "model": "tiendaordenadores.monitor",
    "pk": 28,
    "fields": {
        "urlcompra": "https://www.bailey.com/listauthor.asp",
        "hz": "Trad",
        "calidad_respuesta": "0.31047",
        "curvo": false,
        "pantallafiltroplasma": true
    }
},
{
    "model": "tiendaordenadores.monitor",
    "pk": 29,
    "fields": {
        "urlcompra": "http://www.crawford-mitchell.com/tags/blogcategory.jsp",
        "hz": "Pric",
        "calidad_respuesta": "0.75523",
        "curvo": false,
        "pantallafiltroplasma": true
    }
},
{
    "model": "tiendaordenadores.monitor",
    "pk": 30,
    "fields": {
        "urlcompra": "https://mitchell.com/app/explore/tagprivacy.html",
        "hz": "Quit",
        "calidad_respuesta": "0.73621",
        "curvo": false,
        "pantallafiltroplasma": false
    }
},
{
    "model": "tiendaordenadores.monitor",
    "pk": 31,
    "fields": {
        "urlcompra": "https://www.cunningham.net/category/explore/exploresearch.php",
        "hz": "Litt",
        "calidad_respuesta": "0.91030",
        "curvo": true,
        "pantallafiltroplasma": true
    }
},
{
    "model": "tiendaordenadores.monitor",
    "pk": 32,
    "fields": {
        "urlcompra": "http://www.austin.com/wp-content/postsmain.htm",
        "hz": "Sing",
        "calidad_respuesta": "0.95505",
        "curvo": false,
        "pantallafiltroplasma": true
    }
},
{
    "model": "tiendaordenadores.monitor",
    "pk": 33,
    "fields": {
        "urlcompra": "http://www.gilmore.net/blogmain.html",
        "hz": "Buil",
        "calidad_respuesta": "0.03590",
        "curvo": false,
        "pantallafiltroplasma": true
    }
},
{
    "model": "tiendaordenadores.monitor",
    "pk": 34,
    "fields": {
        "urlcompra": "https://hernandez.info/tags/categories/categoriessearch.html",
        "hz": "Movi",
        "calidad_respuesta": "0.89592",
        "curvo": true,
        "pantallafiltroplasma": false
    }
},
{
    "model": "tiendaordenadores.monitor",
    "pk": 35,
    "fields": {
        "urlcompra": "https://www.nicholson-greene.com/categoriesprivacy.jsp",
        "hz": "Suff",
        "calidad_respuesta": "0.56774",
        "curvo": true,
        "pantallafiltroplasma": false
    }
},
{
    "model": "tiendaordenadores.monitor",
    "pk": 36,
    "fields": {
        "urlcompra": "https://www.gates.biz/tagssearch.asp",
        "hz": "Well",
        "calidad_respuesta": "0.95085",
        "curvo": true,
        "pantallafiltroplasma": false
    }
},
{
    "model": "tiendaordenadores.monitor",
    "pk": 37,
    "fields": {
        "urlcompra": "https://contreras.com/tag/main/blogterms.htm",
        "hz": "Ok b",
        "calidad_respuesta": "0.77363",
        "curvo": true,
        "pantallafiltroplasma": true
    }
},
{
    "model": "tiendaordenadores.monitor",
    "pk": 38,
    "fields": {
        "urlcompra": "http://noble-arnold.info/posts/explorefaq.php",
        "hz": "Cond",
        "calidad_respuesta": "0.89841",
        "curvo": true,
        "pantallafiltroplasma": true
    }
},
{
    "model": "tiendaordenadores.monitor",
    "pk": 39,
    "fields": {
        "urlcompra": "http://anderson.org/search/tag/poststerms.html",
        "hz": "Song",
        "calidad_respuesta": "0.16961",
        "curvo": true,
        "pantallafiltroplasma": false
    }
},
{
    "model": "tiendaordenadores.monitor",
    "pk": 40,
    "fields": {
        "urlcompra": "https://jones.net/posts/exploreauthor.php",
        "hz": "Char",
        "calidad_respuesta": "0.14744",
        "curvo": true,
        "pantallafiltroplasma": true
    }
},
{
    "model": "tiendaordenadores.ram",
    "pk": 1,
    "fields": {
        "fecha_fabricacion": "2024-10-20",
        "mhz": "Lot.",
        "familiaram": "DDR4",
        "rgb": true,
        "factormemoria": 19434
    }
},
{
    "model": "tiendaordenadores.ram",
    "pk": 2,
    "fields": {
        "fecha_fabricacion": "2024-10-20",
        "mhz": "Mother.",
        "familiaram": "DDR3",
        "rgb": true,
        "factormemoria": 31046
    }
},
{
    "model": "tiendaordenadores.ram",
    "pk": 3,
    "fields": {
        "fecha_fabricacion": "2024-10-20",
        "mhz": "There.",
        "familiaram": "DDR5",
        "rgb": true,
        "factormemoria": 15194
    }
},
{
    "model": "tiendaordenadores.ram",
    "pk": 4,
    "fields": {
        "fecha_fabricacion": "2024-10-20",
        "mhz": "Teacher.",
        "familiaram": "DDR5",
        "rgb": true,
        "factormemoria": 21362
    }
},
{
    "model": "tiendaordenadores.ram",
    "pk": 5,
    "fields": {
        "fecha_fabricacion": "2024-10-20",
        "mhz": "Such talk.",
        "familiaram": "DDR5",
        "rgb": true,
        "factormemoria": -8238
    }
},
{
    "model": "tiendaordenadores.ram",
    "pk": 6,
    "fields": {
        "fecha_fabricacion": "2024-10-20",
        "mhz": "Special.",
        "familiaram": "DDR4",
        "rgb": true,
        "factormemoria": -1980
    }
},
{
    "model": "tiendaordenadores.ram",
    "pk": 7,
    "fields": {
        "fecha_fabricacion": "2024-10-20",
        "mhz": "TV get.",
        "familiaram": "DDR3",
        "rgb": true,
        "factormemoria": -28515
    }
},
{
    "model": "tiendaordenadores.ram",
    "pk": 8,
    "fields": {
        "fecha_fabricacion": "2024-10-20",
        "mhz": "Nature.",
        "familiaram": "DDR3",
        "rgb": true,
        "factormemoria": -26107
    }
},
{
    "model": "tiendaordenadores.ram",
    "pk": 9,
    "fields": {
        "fecha_fabricacion": "2024-10-20",
        "mhz": "If person.",
        "familiaram": "DDR3",
        "rgb": true,
        "factormemoria": 31176
    }
},
{
    "model": "tiendaordenadores.ram",
    "pk": 10,
    "fields": {
        "fecha_fabricacion": "2024-10-20",
        "mhz": "Bank.",
        "familiaram": "DDR5",
        "rgb": true,
        "factormemoria": -4688
    }
},
{
    "model": "tiendaordenadores.ram",
    "pk": 11,
    "fields": {
        "fecha_fabricacion": "2024-10-20",
        "mhz": "Thank.",
        "familiaram": "DDR5",
        "rgb": true,
        "factormemoria": 15528
    }
},
{
    "model": "tiendaordenadores.ram",
    "pk": 12,
    "fields": {
        "fecha_fabricacion": "2024-10-20",
        "mhz": "Pick wide.",
        "familiaram": "DDR3",
        "rgb": true,
        "factormemoria": -18346
    }
},
{
    "model": "tiendaordenadores.ram",
    "pk": 13,
    "fields": {
        "fecha_fabricacion": "2024-10-20",
        "mhz": "Throw.",
        "familiaram": "DDR4",
        "rgb": true,
        "factormemoria": -8964
    }
},
{
    "model": "tiendaordenadores.ram",
    "pk": 14,
    "fields": {
        "fecha_fabricacion": "2024-10-20",
        "mhz": "From.",
        "familiaram": "DDR5",
        "rgb": true,
        "factormemoria": -18363
    }
},
{
    "model": "tiendaordenadores.ram",
    "pk": 15,
    "fields": {
        "fecha_fabricacion": "2024-10-20",
        "mhz": "Animal.",
        "familiaram": "DDR3",
        "rgb": true,
        "factormemoria": 22842
    }
},
{
    "model": "tiendaordenadores.ram",
    "pk": 16,
    "fields": {
        "fecha_fabricacion": "2024-10-20",
        "mhz": "Pressure.",
        "familiaram": "DDR4",
        "rgb": true,
        "factormemoria": 6484
    }
},
{
    "model": "tiendaordenadores.ram",
    "pk": 17,
    "fields": {
        "fecha_fabricacion": "2024-10-20",
        "mhz": "Low.",
        "familiaram": "DDR5",
        "rgb": true,
        "factormemoria": 23976
    }
},
{
    "model": "tiendaordenadores.ram",
    "pk": 18,
    "fields": {
        "fecha_fabricacion": "2024-10-20",
        "mhz": "Third bad.",
        "familiaram": "DDR5",
        "rgb": true,
        "factormemoria": 18853
    }
},
{
    "model": "tiendaordenadores.ram",
    "pk": 19,
    "fields": {
        "fecha_fabricacion": "2024-10-20",
        "mhz": "Peace win.",
        "familiaram": "DDR3",
        "rgb": true,
        "factormemoria": -21905
    }
},
{
    "model": "tiendaordenadores.ram",
    "pk": 20,
    "fields": {
        "fecha_fabricacion": "2024-10-20",
        "mhz": "Fill.",
        "familiaram": "DDR4",
        "rgb": true,
        "factormemoria": -9250
    }
},
{
    "model": "tiendaordenadores.ram",
    "pk": 21,
    "fields": {
        "fecha_fabricacion": "2024-10-20",
        "mhz": "Blood.",
        "familiaram": "DDR5",
        "rgb": true,
        "factormemoria": 22918
    }
},
{
    "model": "tiendaordenadores.ram",
    "pk": 22,
    "fields": {
        "fecha_fabricacion": "2024-10-20",
        "mhz": "Could.",
        "familiaram": "DDR4",
        "rgb": true,
        "factormemoria": -475
    }
},
{
    "model": "tiendaordenadores.ram",
    "pk": 23,
    "fields": {
        "fecha_fabricacion": "2024-10-20",
        "mhz": "Job.",
        "familiaram": "DDR4",
        "rgb": true,
        "factormemoria": -30816
    }
},
{
    "model": "tiendaordenadores.ram",
    "pk": 24,
    "fields": {
        "fecha_fabricacion": "2024-10-20",
        "mhz": "Detail.",
        "familiaram": "DDR3",
        "rgb": true,
        "factormemoria": 32224
    }
},
{
    "model": "tiendaordenadores.ram",
    "pk": 25,
    "fields": {
        "fecha_fabricacion": "2024-10-20",
        "mhz": "Lot.",
        "familiaram": "DDR3",
        "rgb": true,
        "factormemoria": -25322
    }
},
{
    "model": "tiendaordenadores.ram",
    "pk": 26,
    "fields": {
        "fecha_fabricacion": "2024-10-20",
        "mhz": "Camera.",
        "familiaram": "DDR3",
        "rgb": true,
        "factormemoria": 28474
    }
},
{
    "model": "tiendaordenadores.ram",
    "pk": 27,
    "fields": {
        "fecha_fabricacion": "2024-10-20",
        "mhz": "Design.",
        "familiaram": "DDR3",
        "rgb": true,
        "factormemoria": -1352
    }
},
{
    "model": "tiendaordenadores.ram",
    "pk": 28,
    "fields": {
        "fecha_fabricacion": "2024-10-20",
        "mhz": "Article.",
        "familiaram": "DDR3",
        "rgb": true,
        "factormemoria": -26542
    }
},
{
    "model": "tiendaordenadores.ram",
    "pk": 29,
    "fields": {
        "fecha_fabricacion": "2024-10-20",
        "mhz": "Wonder.",
        "familiaram": "DDR5",
        "rgb": true,
        "factormemoria": 18371
    }
},
{
    "model": "tiendaordenadores.ram",
    "pk": 30,
    "fields": {
        "fecha_fabricacion": "2024-10-20",
        "mhz": "Level.",
        "familiaram": "DDR3",
        "rgb": true,
        "factormemoria": -24154
    }
},
{
    "model": "tiendaordenadores.ram",
    "pk": 31,
    "fields": {
        "fecha_fabricacion": "2024-10-20",
        "mhz": "Reduce.",
        "familiaram": "DDR5",
        "rgb": true,
        "factormemoria": 10983
    }
},
{
    "model": "tiendaordenadores.ram",
    "pk": 32,
    "fields": {
        "fecha_fabricacion": "2024-10-20",
        "mhz": "Whatever.",
        "familiaram": "DDR4",
        "rgb": true,
        "factormemoria": -18525
    }
},
{
    "model": "tiendaordenadores.ram",
    "pk": 33,
    "fields": {
        "fecha_fabricacion": "2024-10-20",
        "mhz": "Service.",
        "familiaram": "DDR3",
        "rgb": true,
        "factormemoria": -31850
    }
},
{
    "model": "tiendaordenadores.ram",
    "pk": 34,
    "fields": {
        "fecha_fabricacion": "2024-10-20",
        "mhz": "Should.",
        "familiaram": "DDR4",
        "rgb": true,
        "factormemoria": -8966
    }
},
{
    "model": "tiendaordenadores.ram",
    "pk": 35,
    "fields": {
        "fecha_fabricacion": "2024-10-20",
        "mhz": "Less.",
        "familiaram": "DDR5",
        "rgb": true,
        "factormemoria": -18926
    }
},
{
    "model": "tiendaordenadores.ram",
    "pk": 36,
    "fields": {
        "fecha_fabricacion": "2024-10-20",
        "mhz": "Option.",
        "familiaram": "DDR5",
        "rgb": true,
        "factormemoria": -19308
    }
},
{
    "model": "tiendaordenadores.ram",
    "pk": 37,
    "fields": {
        "fecha_fabricacion": "2024-10-20",
        "mhz": "Beat.",
        "familiaram": "DDR4",
        "rgb": true,
        "factormemoria": 6817
    }
},
{
    "model": "tiendaordenadores.ram",
    "pk": 38,
    "fields": {
        "fecha_fabricacion": "2024-10-20",
        "mhz": "New wrong.",
        "familiaram": "DDR4",
        "rgb": true,
        "factormemoria": -27595
    }
},
{
    "model": "tiendaordenadores.ram",
    "pk": 39,
    "fields": {
        "fecha_fabricacion": "2024-10-20",
        "mhz": "Culture.",
        "familiaram": "DDR5",
        "rgb": true,
        "factormemoria": -2885
    }
},
{
    "model": "tiendaordenadores.ram",
    "pk": 40,
    "fields": {
        "fecha_fabricacion": "2024-10-20",
        "mhz": "Throw at.",
        "familiaram": "DDR3",
        "rgb": true,
        "factormemoria": 18167
    }
},
{
    "model": "tiendaordenadores.discodurohdd",
    "pk": 1,
    "fields": {
        "rpm": "Myself challenge win",
        "capacidad": "Certain base huge.",
        "peso": "Market I.",
        "tiempomediofallos": "0.58",
        "pulgadas": -31580
    }
},
{
    "model": "tiendaordenadores.discodurohdd",
    "pk": 2,
    "fields": {
        "rpm": "Perhaps source curre",
        "capacidad": "Vote get.",
        "peso": "Reach.",
        "tiempomediofallos": "0.68",
        "pulgadas": -29868
    }
},
{
    "model": "tiendaordenadores.discodurohdd",
    "pk": 3,
    "fields": {
        "rpm": "Daughter meet fill d",
        "capacidad": "Sometimes south.",
        "peso": "Rich.",
        "tiempomediofallos": "0.12",
        "pulgadas": 26863
    }
},
{
    "model": "tiendaordenadores.discodurohdd",
    "pk": 4,
    "fields": {
        "rpm": "Education coach espe",
        "capacidad": "Alone receive it.",
        "peso": "Night.",
        "tiempomediofallos": "0.28",
        "pulgadas": -4478
    }
},
{
    "model": "tiendaordenadores.discodurohdd",
    "pk": 5,
    "fields": {
        "rpm": "Her sit reach spring",
        "capacidad": "Space day may.",
        "peso": "Without.",
        "tiempomediofallos": "0.95",
        "pulgadas": 23586
    }
},
{
    "model": "tiendaordenadores.discodurohdd",
    "pk": 6,
    "fields": {
        "rpm": "Career natural optio",
        "capacidad": "Science hear fill.",
        "peso": "Forward.",
        "tiempomediofallos": "0.73",
        "pulgadas": 22750
    }
},
{
    "model": "tiendaordenadores.discodurohdd",
    "pk": 7,
    "fields": {
        "rpm": "Maybe dog culture un",
        "capacidad": "Per call possible.",
        "peso": "Five.",
        "tiempomediofallos": "0.49",
        "pulgadas": 22335
    }
},
{
    "model": "tiendaordenadores.discodurohdd",
    "pk": 8,
    "fields": {
        "rpm": "Everyone suffer item",
        "capacidad": "Almost school above.",
        "peso": "Doctor.",
        "tiempomediofallos": "0.03",
        "pulgadas": 23317
    }
},
{
    "model": "tiendaordenadores.discodurohdd",
    "pk": 9,
    "fields": {
        "rpm": "What despite get cla",
        "capacidad": "Cut sing theory.",
        "peso": "Election.",
        "tiempomediofallos": "0.93",
        "pulgadas": -10117
    }
},
{
    "model": "tiendaordenadores.discodurohdd",
    "pk": 10,
    "fields": {
        "rpm": "Option fear can myse",
        "capacidad": "Letter scientist.",
        "peso": "None.",
        "tiempomediofallos": "0.83",
        "pulgadas": -3066
    }
},
{
    "model": "tiendaordenadores.discodurohdd",
    "pk": 11,
    "fields": {
        "rpm": "Hair information min",
        "capacidad": "Control as style.",
        "peso": "Authority.",
        "tiempomediofallos": "0.89",
        "pulgadas": -32589
    }
},
{
    "model": "tiendaordenadores.discodurohdd",
    "pk": 12,
    "fields": {
        "rpm": "Situation once eye w",
        "capacidad": "Against tree tell.",
        "peso": "Idea.",
        "tiempomediofallos": "0.91",
        "pulgadas": 23396
    }
},
{
    "model": "tiendaordenadores.discodurohdd",
    "pk": 13,
    "fields": {
        "rpm": "Long take however. T",
        "capacidad": "Special floor.",
        "peso": "Large.",
        "tiempomediofallos": "0.44",
        "pulgadas": -4170
    }
},
{
    "model": "tiendaordenadores.discodurohdd",
    "pk": 14,
    "fields": {
        "rpm": "Trip choice not supp",
        "capacidad": "Wonder after event.",
        "peso": "Probably.",
        "tiempomediofallos": "0.15",
        "pulgadas": 11195
    }
},
{
    "model": "tiendaordenadores.discodurohdd",
    "pk": 15,
    "fields": {
        "rpm": "Suddenly serve they ",
        "capacidad": "Despite produce.",
        "peso": "Civil.",
        "tiempomediofallos": "0.96",
        "pulgadas": 5279
    }
},
{
    "model": "tiendaordenadores.discodurohdd",
    "pk": 16,
    "fields": {
        "rpm": "Opportunity also son",
        "capacidad": "These left already.",
        "peso": "Goal.",
        "tiempomediofallos": "0.86",
        "pulgadas": -1114
    }
},
{
    "model": "tiendaordenadores.discodurohdd",
    "pk": 17,
    "fields": {
        "rpm": "Southern pay offer b",
        "capacidad": "Like officer.",
        "peso": "I who.",
        "tiempomediofallos": "0.16",
        "pulgadas": 12756
    }
},
{
    "model": "tiendaordenadores.discodurohdd",
    "pk": 18,
    "fields": {
        "rpm": "Hold president discu",
        "capacidad": "Various forward.",
        "peso": "Put.",
        "tiempomediofallos": "0.42",
        "pulgadas": -25726
    }
},
{
    "model": "tiendaordenadores.discodurohdd",
    "pk": 19,
    "fields": {
        "rpm": "Small key office res",
        "capacidad": "Today clear drop.",
        "peso": "Keep.",
        "tiempomediofallos": "0.57",
        "pulgadas": 28769
    }
},
{
    "model": "tiendaordenadores.discodurohdd",
    "pk": 20,
    "fields": {
        "rpm": "Much social use mana",
        "capacidad": "Lawyer theory.",
        "peso": "War free.",
        "tiempomediofallos": "0.46",
        "pulgadas": 983
    }
},
{
    "model": "tiendaordenadores.discodurohdd",
    "pk": 21,
    "fields": {
        "rpm": "Likely democratic wi",
        "capacidad": "Information my.",
        "peso": "Lay.",
        "tiempomediofallos": "0.47",
        "pulgadas": -3618
    }
},
{
    "model": "tiendaordenadores.discodurohdd",
    "pk": 22,
    "fields": {
        "rpm": "Gun become mother re",
        "capacidad": "History difference.",
        "peso": "Real let.",
        "tiempomediofallos": "0.80",
        "pulgadas": 11933
    }
},
{
    "model": "tiendaordenadores.discodurohdd",
    "pk": 23,
    "fields": {
        "rpm": "Realize tonight prot",
        "capacidad": "Various quickly.",
        "peso": "Exist.",
        "tiempomediofallos": "0.23",
        "pulgadas": -15239
    }
},
{
    "model": "tiendaordenadores.discodurohdd",
    "pk": 24,
    "fields": {
        "rpm": "Into town both momen",
        "capacidad": "Key relationship.",
        "peso": "Address.",
        "tiempomediofallos": "0.08",
        "pulgadas": 27914
    }
},
{
    "model": "tiendaordenadores.discodurohdd",
    "pk": 25,
    "fields": {
        "rpm": "Model network majori",
        "capacidad": "Fall middle team.",
        "peso": "Crime.",
        "tiempomediofallos": "0.82",
        "pulgadas": -30920
    }
},
{
    "model": "tiendaordenadores.discodurohdd",
    "pk": 26,
    "fields": {
        "rpm": "Lot product size. Fi",
        "capacidad": "International yard.",
        "peso": "Indicate.",
        "tiempomediofallos": "0.51",
        "pulgadas": 20806
    }
},
{
    "model": "tiendaordenadores.discodurohdd",
    "pk": 27,
    "fields": {
        "rpm": "Room line keep ask e",
        "capacidad": "Technology skin its.",
        "peso": "Class.",
        "tiempomediofallos": "0.17",
        "pulgadas": -22535
    }
},
{
    "model": "tiendaordenadores.discodurohdd",
    "pk": 28,
    "fields": {
        "rpm": "East professor model",
        "capacidad": "Exactly scientist.",
        "peso": "Make card.",
        "tiempomediofallos": "0.94",
        "pulgadas": 26514
    }
},
{
    "model": "tiendaordenadores.discodurohdd",
    "pk": 29,
    "fields": {
        "rpm": "Situation federal ex",
        "capacidad": "Your chance more.",
        "peso": "Theory.",
        "tiempomediofallos": "0.02",
        "pulgadas": -17378
    }
},
{
    "model": "tiendaordenadores.discodurohdd",
    "pk": 30,
    "fields": {
        "rpm": "Cell before parent c",
        "capacidad": "Industry bed stay.",
        "peso": "Detail.",
        "tiempomediofallos": "0.23",
        "pulgadas": -4532
    }
},
{
    "model": "tiendaordenadores.discodurohdd",
    "pk": 31,
    "fields": {
        "rpm": "State debate somethi",
        "capacidad": "Guy live expert.",
        "peso": "Perform.",
        "tiempomediofallos": "0.98",
        "pulgadas": 16933
    }
},
{
    "model": "tiendaordenadores.discodurohdd",
    "pk": 32,
    "fields": {
        "rpm": "Account move memory ",
        "capacidad": "Any inside.",
        "peso": "Own name.",
        "tiempomediofallos": "0.28",
        "pulgadas": -2427
    }
},
{
    "model": "tiendaordenadores.discodurohdd",
    "pk": 33,
    "fields": {
        "rpm": "Ball administration ",
        "capacidad": "Strategy enter walk.",
        "peso": "Bit cut.",
        "tiempomediofallos": "0.83",
        "pulgadas": 3509
    }
},
{
    "model": "tiendaordenadores.discodurohdd",
    "pk": 34,
    "fields": {
        "rpm": "Ever him science res",
        "capacidad": "Knowledge this.",
        "peso": "Medical.",
        "tiempomediofallos": "0.61",
        "pulgadas": -102
    }
},
{
    "model": "tiendaordenadores.discodurohdd",
    "pk": 35,
    "fields": {
        "rpm": "Quality beyond capit",
        "capacidad": "Dark air focus item.",
        "peso": "Myself.",
        "tiempomediofallos": "0.70",
        "pulgadas": -15121
    }
},
{
    "model": "tiendaordenadores.discodurohdd",
    "pk": 36,
    "fields": {
        "rpm": "Admit word eat ready",
        "capacidad": "Policy indicate.",
        "peso": "Expect.",
        "tiempomediofallos": "0.73",
        "pulgadas": -25528
    }
},
{
    "model": "tiendaordenadores.discodurohdd",
    "pk": 37,
    "fields": {
        "rpm": "Meeting during even ",
        "capacidad": "Movement onto few.",
        "peso": "South.",
        "tiempomediofallos": "0.12",
        "pulgadas": -24400
    }
},
{
    "model": "tiendaordenadores.discodurohdd",
    "pk": 38,
    "fields": {
        "rpm": "Eye television popul",
        "capacidad": "Event base say.",
        "peso": "Clear.",
        "tiempomediofallos": "0.97",
        "pulgadas": -15147
    }
},
{
    "model": "tiendaordenadores.discodurohdd",
    "pk": 39,
    "fields": {
        "rpm": "Cold five movie too ",
        "capacidad": "Yes life tonight.",
        "peso": "Street.",
        "tiempomediofallos": "0.33",
        "pulgadas": 445
    }
},
{
    "model": "tiendaordenadores.discodurohdd",
    "pk": 40,
    "fields": {
        "rpm": "High last store thou",
        "capacidad": "Reduce party.",
        "peso": "Cover cup.",
        "tiempomediofallos": "0.95",
        "pulgadas": 5919
    }
},
{
    "model": "tiendaordenadores.discodurossd",
    "pk": 1,
    "fields": {
        "amperaje": "Whose brother last p",
        "capacidad": "Shake computer.",
        "peso": "Why.",
        "tiempomediofallos": "0.82"
    }
},
{
    "model": "tiendaordenadores.discodurossd",
    "pk": 2,
    "fields": {
        "amperaje": "Project recently eco",
        "capacidad": "Subject onto miss.",
        "peso": "Reason.",
        "tiempomediofallos": "0.32"
    }
},
{
    "model": "tiendaordenadores.discodurossd",
    "pk": 3,
    "fields": {
        "amperaje": "Today young strong d",
        "capacidad": "Single poor action.",
        "peso": "Fly.",
        "tiempomediofallos": "0.23"
    }
},
{
    "model": "tiendaordenadores.discodurossd",
    "pk": 4,
    "fields": {
        "amperaje": "Arm bill firm away. ",
        "capacidad": "Without Congress.",
        "peso": "Source.",
        "tiempomediofallos": "0.15"
    }
},
{
    "model": "tiendaordenadores.discodurossd",
    "pk": 5,
    "fields": {
        "amperaje": "Eight trouble prepar",
        "capacidad": "Left white wear.",
        "peso": "Sort.",
        "tiempomediofallos": "0.10"
    }
},
{
    "model": "tiendaordenadores.discodurossd",
    "pk": 6,
    "fields": {
        "amperaje": "Ahead nature gas abo",
        "capacidad": "Above that enter.",
        "peso": "Theory.",
        "tiempomediofallos": "0.41"
    }
},
{
    "model": "tiendaordenadores.discodurossd",
    "pk": 7,
    "fields": {
        "amperaje": "Happy may pay side e",
        "capacidad": "Attention young.",
        "peso": "Question.",
        "tiempomediofallos": "0.77"
    }
},
{
    "model": "tiendaordenadores.discodurossd",
    "pk": 8,
    "fields": {
        "amperaje": "Head or former might",
        "capacidad": "Campaign task.",
        "peso": "Weight.",
        "tiempomediofallos": "0.79"
    }
},
{
    "model": "tiendaordenadores.discodurossd",
    "pk": 9,
    "fields": {
        "amperaje": "Information contain ",
        "capacidad": "Party painting.",
        "peso": "Manager.",
        "tiempomediofallos": "0.82"
    }
},
{
    "model": "tiendaordenadores.discodurossd",
    "pk": 10,
    "fields": {
        "amperaje": "Agent none direction",
        "capacidad": "Think gas onto.",
        "peso": "Only.",
        "tiempomediofallos": "0.69"
    }
},
{
    "model": "tiendaordenadores.discodurossd",
    "pk": 11,
    "fields": {
        "amperaje": "Tend despite media w",
        "capacidad": "Mission history.",
        "peso": "Most.",
        "tiempomediofallos": "0.30"
    }
},
{
    "model": "tiendaordenadores.discodurossd",
    "pk": 12,
    "fields": {
        "amperaje": "Add military number ",
        "capacidad": "Kid center plant.",
        "peso": "Would.",
        "tiempomediofallos": "0.04"
    }
},
{
    "model": "tiendaordenadores.discodurossd",
    "pk": 13,
    "fields": {
        "amperaje": "Decision might art. ",
        "capacidad": "Must range summer.",
        "peso": "Notice.",
        "tiempomediofallos": "0.22"
    }
},
{
    "model": "tiendaordenadores.discodurossd",
    "pk": 14,
    "fields": {
        "amperaje": "Serve offer presiden",
        "capacidad": "Visit Mr exactly.",
        "peso": "Charge.",
        "tiempomediofallos": "0.02"
    }
},
{
    "model": "tiendaordenadores.discodurossd",
    "pk": 15,
    "fields": {
        "amperaje": "Mrs health heart thi",
        "capacidad": "Five if wish bank.",
        "peso": "Play.",
        "tiempomediofallos": "0.92"
    }
},
{
    "model": "tiendaordenadores.discodurossd",
    "pk": 16,
    "fields": {
        "amperaje": "Plant eat scene upon",
        "capacidad": "Point morning prove.",
        "peso": "Floor.",
        "tiempomediofallos": "0.56"
    }
},
{
    "model": "tiendaordenadores.discodurossd",
    "pk": 17,
    "fields": {
        "amperaje": "Remember whole suffe",
        "capacidad": "Pattern window.",
        "peso": "General.",
        "tiempomediofallos": "0.61"
    }
},
{
    "model": "tiendaordenadores.discodurossd",
    "pk": 18,
    "fields": {
        "amperaje": "Protect strong tend ",
        "capacidad": "Me cover data.",
        "peso": "Sort loss.",
        "tiempomediofallos": "0.42"
    }
},
{
    "model": "tiendaordenadores.discodurossd",
    "pk": 19,
    "fields": {
        "amperaje": "Design film medical ",
        "capacidad": "Tell type as than.",
        "peso": "Small.",
        "tiempomediofallos": "0.84"
    }
},
{
    "model": "tiendaordenadores.discodurossd",
    "pk": 20,
    "fields": {
        "amperaje": "Organization really ",
        "capacidad": "Scientist listen.",
        "peso": "Figure.",
        "tiempomediofallos": "0.17"
    }
},
{
    "model": "tiendaordenadores.discodurossd",
    "pk": 21,
    "fields": {
        "amperaje": "Arm stand nation nev",
        "capacidad": "Sea later sense.",
        "peso": "Source.",
        "tiempomediofallos": "0.44"
    }
},
{
    "model": "tiendaordenadores.discodurossd",
    "pk": 22,
    "fields": {
        "amperaje": "Technology argue poo",
        "capacidad": "Idea court job.",
        "peso": "Course.",
        "tiempomediofallos": "0.65"
    }
},
{
    "model": "tiendaordenadores.discodurossd",
    "pk": 23,
    "fields": {
        "amperaje": "Rest think responsib",
        "capacidad": "News wrong yard.",
        "peso": "Just or.",
        "tiempomediofallos": "0.82"
    }
},
{
    "model": "tiendaordenadores.discodurossd",
    "pk": 24,
    "fields": {
        "amperaje": "Care senior rock act",
        "capacidad": "Rise there popular.",
        "peso": "The even.",
        "tiempomediofallos": "0.55"
    }
},
{
    "model": "tiendaordenadores.discodurossd",
    "pk": 25,
    "fields": {
        "amperaje": "Wrong voice huge or ",
        "capacidad": "Enjoy practice.",
        "peso": "Finally.",
        "tiempomediofallos": "0.08"
    }
},
{
    "model": "tiendaordenadores.discodurossd",
    "pk": 26,
    "fields": {
        "amperaje": "Help environment win",
        "capacidad": "Yet claim serious.",
        "peso": "Film.",
        "tiempomediofallos": "0.26"
    }
},
{
    "model": "tiendaordenadores.discodurossd",
    "pk": 27,
    "fields": {
        "amperaje": "Light least measure ",
        "capacidad": "Claim any six item.",
        "peso": "Answer.",
        "tiempomediofallos": "0.43"
    }
},
{
    "model": "tiendaordenadores.discodurossd",
    "pk": 28,
    "fields": {
        "amperaje": "Office fight cell de",
        "capacidad": "Within on already.",
        "peso": "Sport.",
        "tiempomediofallos": "0.71"
    }
},
{
    "model": "tiendaordenadores.discodurossd",
    "pk": 29,
    "fields": {
        "amperaje": "Republican seek of b",
        "capacidad": "Popular tend night.",
        "peso": "Edge miss.",
        "tiempomediofallos": "0.43"
    }
},
{
    "model": "tiendaordenadores.discodurossd",
    "pk": 30,
    "fields": {
        "amperaje": "Mention same itself ",
        "capacidad": "We four station.",
        "peso": "Open keep.",
        "tiempomediofallos": "0.68"
    }
},
{
    "model": "tiendaordenadores.discodurossd",
    "pk": 31,
    "fields": {
        "amperaje": "Cultural together ar",
        "capacidad": "Begin full.",
        "peso": "Expert.",
        "tiempomediofallos": "0.35"
    }
},
{
    "model": "tiendaordenadores.discodurossd",
    "pk": 32,
    "fields": {
        "amperaje": "Realize last rest me",
        "capacidad": "Down human able.",
        "peso": "Your yes.",
        "tiempomediofallos": "0.72"
    }
},
{
    "model": "tiendaordenadores.discodurossd",
    "pk": 33,
    "fields": {
        "amperaje": "Place world beyond a",
        "capacidad": "May issue just.",
        "peso": "Also.",
        "tiempomediofallos": "0.30"
    }
},
{
    "model": "tiendaordenadores.discodurossd",
    "pk": 34,
    "fields": {
        "amperaje": "When against admit h",
        "capacidad": "Main recently send.",
        "peso": "Impact.",
        "tiempomediofallos": "0.38"
    }
},
{
    "model": "tiendaordenadores.discodurossd",
    "pk": 35,
    "fields": {
        "amperaje": "Table cut finish bui",
        "capacidad": "Now girl hotel.",
        "peso": "System.",
        "tiempomediofallos": "0.05"
    }
},
{
    "model": "tiendaordenadores.discodurossd",
    "pk": 36,
    "fields": {
        "amperaje": "Do quality article t",
        "capacidad": "Factor might.",
        "peso": "Up up.",
        "tiempomediofallos": "0.65"
    }
},
{
    "model": "tiendaordenadores.discodurossd",
    "pk": 37,
    "fields": {
        "amperaje": "Professional fire an",
        "capacidad": "Future plan adult.",
        "peso": "Today.",
        "tiempomediofallos": "0.18"
    }
},
{
    "model": "tiendaordenadores.discodurossd",
    "pk": 38,
    "fields": {
        "amperaje": "Case language bring ",
        "capacidad": "Inside world ok.",
        "peso": "Lead nice.",
        "tiempomediofallos": "0.72"
    }
},
{
    "model": "tiendaordenadores.discodurossd",
    "pk": 39,
    "fields": {
        "amperaje": "Teach reach finish t",
        "capacidad": "TV its technology.",
        "peso": "Whole.",
        "tiempomediofallos": "0.29"
    }
},
{
    "model": "tiendaordenadores.discodurossd",
    "pk": 40,
    "fields": {
        "amperaje": "Build where current ",
        "capacidad": "Drop line wife.",
        "peso": "Security.",
        "tiempomediofallos": "0.05"
    }
},
{
    "model": "tiendaordenadores.discoduronvme",
    "pk": 1,
    "fields": {
        "amperaje": "Into animal ask succ",
        "capacidad": "Understand.",
        "peso": "Care size.",
        "tiempomediofallos": "0.35"
    }
},
{
    "model": "tiendaordenadores.discoduronvme",
    "pk": 2,
    "fields": {
        "amperaje": "Else travel around c",
        "capacidad": "Cultural nation.",
        "peso": "Most.",
        "tiempomediofallos": "0.56"
    }
},
{
    "model": "tiendaordenadores.discoduronvme",
    "pk": 3,
    "fields": {
        "amperaje": "Product song senior ",
        "capacidad": "Account last whose.",
        "peso": "Door why.",
        "tiempomediofallos": "0.74"
    }
},
{
    "model": "tiendaordenadores.discoduronvme",
    "pk": 4,
    "fields": {
        "amperaje": "Turn best first mili",
        "capacidad": "Voice number less.",
        "peso": "Specific.",
        "tiempomediofallos": "0.34"
    }
},
{
    "model": "tiendaordenadores.discoduronvme",
    "pk": 5,
    "fields": {
        "amperaje": "Center pattern yard.",
        "capacidad": "Government me.",
        "peso": "Song note.",
        "tiempomediofallos": "0.99"
    }
},
{
    "model": "tiendaordenadores.discoduronvme",
    "pk": 6,
    "fields": {
        "amperaje": "Our room well defens",
        "capacidad": "Task goal debate.",
        "peso": "Speech.",
        "tiempomediofallos": "0.98"
    }
},
{
    "model": "tiendaordenadores.discoduronvme",
    "pk": 7,
    "fields": {
        "amperaje": "Simply one debate tr",
        "capacidad": "Star scene believe.",
        "peso": "Southern.",
        "tiempomediofallos": "0.07"
    }
},
{
    "model": "tiendaordenadores.discoduronvme",
    "pk": 8,
    "fields": {
        "amperaje": "Same seven pattern p",
        "capacidad": "Laugh share top.",
        "peso": "Must red.",
        "tiempomediofallos": "0.66"
    }
},
{
    "model": "tiendaordenadores.discoduronvme",
    "pk": 9,
    "fields": {
        "amperaje": "Democrat game pull l",
        "capacidad": "Every husband find.",
        "peso": "Her yeah.",
        "tiempomediofallos": "0.92"
    }
},
{
    "model": "tiendaordenadores.discoduronvme",
    "pk": 10,
    "fields": {
        "amperaje": "Performance your eno",
        "capacidad": "Want east record.",
        "peso": "Enough.",
        "tiempomediofallos": "0.68"
    }
},
{
    "model": "tiendaordenadores.discoduronvme",
    "pk": 11,
    "fields": {
        "amperaje": "Mr nearly gas camera",
        "capacidad": "Road rest chance.",
        "peso": "Risk put.",
        "tiempomediofallos": "0.36"
    }
},
{
    "model": "tiendaordenadores.discoduronvme",
    "pk": 12,
    "fields": {
        "amperaje": "Appear cost thank at",
        "capacidad": "Represent author.",
        "peso": "Kitchen.",
        "tiempomediofallos": "0.20"
    }
},
{
    "model": "tiendaordenadores.discoduronvme",
    "pk": 13,
    "fields": {
        "amperaje": "Technology job lawye",
        "capacidad": "Dog religious.",
        "peso": "Minute.",
        "tiempomediofallos": "0.57"
    }
},
{
    "model": "tiendaordenadores.discoduronvme",
    "pk": 14,
    "fields": {
        "amperaje": "Give morning three s",
        "capacidad": "Produce summer.",
        "peso": "Candidate.",
        "tiempomediofallos": "0.33"
    }
},
{
    "model": "tiendaordenadores.discoduronvme",
    "pk": 15,
    "fields": {
        "amperaje": "Suddenly glass light",
        "capacidad": "Our dinner land top.",
        "peso": "Partner.",
        "tiempomediofallos": "0.19"
    }
},
{
    "model": "tiendaordenadores.discoduronvme",
    "pk": 16,
    "fields": {
        "amperaje": "Consumer artist head",
        "capacidad": "Ask other family.",
        "peso": "Open open.",
        "tiempomediofallos": "0.18"
    }
},
{
    "model": "tiendaordenadores.discoduronvme",
    "pk": 17,
    "fields": {
        "amperaje": "Might to operation w",
        "capacidad": "Office voice.",
        "peso": "Fear hand.",
        "tiempomediofallos": "0.55"
    }
},
{
    "model": "tiendaordenadores.discoduronvme",
    "pk": 18,
    "fields": {
        "amperaje": "Most here Democrat. ",
        "capacidad": "Month practice high.",
        "peso": "Law peace.",
        "tiempomediofallos": "0.70"
    }
},
{
    "model": "tiendaordenadores.discoduronvme",
    "pk": 19,
    "fields": {
        "amperaje": "Current plant figure",
        "capacidad": "Know alone over.",
        "peso": "True.",
        "tiempomediofallos": "0.49"
    }
},
{
    "model": "tiendaordenadores.discoduronvme",
    "pk": 20,
    "fields": {
        "amperaje": "Interest work decide",
        "capacidad": "Process hold learn.",
        "peso": "News deep.",
        "tiempomediofallos": "0.97"
    }
},
{
    "model": "tiendaordenadores.discoduronvme",
    "pk": 21,
    "fields": {
        "amperaje": "Buy loss those compu",
        "capacidad": "Soldier around face.",
        "peso": "Partner.",
        "tiempomediofallos": "0.02"
    }
},
{
    "model": "tiendaordenadores.discoduronvme",
    "pk": 22,
    "fields": {
        "amperaje": "Audience on speak ov",
        "capacidad": "Tough direction.",
        "peso": "Natural.",
        "tiempomediofallos": "0.09"
    }
},
{
    "model": "tiendaordenadores.discoduronvme",
    "pk": 23,
    "fields": {
        "amperaje": "Push care author hos",
        "capacidad": "Begin remain.",
        "peso": "Human.",
        "tiempomediofallos": "0.55"
    }
},
{
    "model": "tiendaordenadores.discoduronvme",
    "pk": 24,
    "fields": {
        "amperaje": "Information woman pa",
        "capacidad": "Stay week somebody.",
        "peso": "Partner.",
        "tiempomediofallos": "0.10"
    }
},
{
    "model": "tiendaordenadores.discoduronvme",
    "pk": 25,
    "fields": {
        "amperaje": "Remain away issue. S",
        "capacidad": "Personal bar cover.",
        "peso": "Event.",
        "tiempomediofallos": "0.90"
    }
},
{
    "model": "tiendaordenadores.discoduronvme",
    "pk": 26,
    "fields": {
        "amperaje": "Step manage federal ",
        "capacidad": "Want pull than head.",
        "peso": "Figure.",
        "tiempomediofallos": "0.46"
    }
},
{
    "model": "tiendaordenadores.discoduronvme",
    "pk": 27,
    "fields": {
        "amperaje": "Time interesting bec",
        "capacidad": "West arm medical.",
        "peso": "Right.",
        "tiempomediofallos": "0.73"
    }
},
{
    "model": "tiendaordenadores.discoduronvme",
    "pk": 28,
    "fields": {
        "amperaje": "Sport society he. Se",
        "capacidad": "Training rate court.",
        "peso": "Beat.",
        "tiempomediofallos": "0.83"
    }
},
{
    "model": "tiendaordenadores.discoduronvme",
    "pk": 29,
    "fields": {
        "amperaje": "Rest seek about west",
        "capacidad": "Bit accept.",
        "peso": "Say.",
        "tiempomediofallos": "0.39"
    }
},
{
    "model": "tiendaordenadores.discoduronvme",
    "pk": 30,
    "fields": {
        "amperaje": "From each life tell.",
        "capacidad": "Order indeed.",
        "peso": "For.",
        "tiempomediofallos": "0.66"
    }
},
{
    "model": "tiendaordenadores.discoduronvme",
    "pk": 31,
    "fields": {
        "amperaje": "Husband audience for",
        "capacidad": "Key plant someone.",
        "peso": "Pick risk.",
        "tiempomediofallos": "0.21"
    }
},
{
    "model": "tiendaordenadores.discoduronvme",
    "pk": 32,
    "fields": {
        "amperaje": "Issue sport trial wi",
        "capacidad": "With necessary.",
        "peso": "Charge.",
        "tiempomediofallos": "0.70"
    }
},
{
    "model": "tiendaordenadores.discoduronvme",
    "pk": 33,
    "fields": {
        "amperaje": "Build water importan",
        "capacidad": "Message let meeting.",
        "peso": "Their.",
        "tiempomediofallos": "0.61"
    }
},
{
    "model": "tiendaordenadores.discoduronvme",
    "pk": 34,
    "fields": {
        "amperaje": "Ready keep eat treat",
        "capacidad": "Table capital.",
        "peso": "Yourself.",
        "tiempomediofallos": "0.05"
    }
},
{
    "model": "tiendaordenadores.discoduronvme",
    "pk": 35,
    "fields": {
        "amperaje": "Candidate long laugh",
        "capacidad": "All continue.",
        "peso": "Front.",
        "tiempomediofallos": "0.58"
    }
},
{
    "model": "tiendaordenadores.discoduronvme",
    "pk": 36,
    "fields": {
        "amperaje": "Area of laugh space ",
        "capacidad": "Century future.",
        "peso": "Total.",
        "tiempomediofallos": "0.52"
    }
},
{
    "model": "tiendaordenadores.discoduronvme",
    "pk": 37,
    "fields": {
        "amperaje": "Seven available than",
        "capacidad": "Product short or.",
        "peso": "Better.",
        "tiempomediofallos": "0.57"
    }
},
{
    "model": "tiendaordenadores.discoduronvme",
    "pk": 38,
    "fields": {
        "amperaje": "Over economy know al",
        "capacidad": "We direction.",
        "peso": "Car vote.",
        "tiempomediofallos": "0.98"
    }
},
{
    "model": "tiendaordenadores.discoduronvme",
    "pk": 39,
    "fields": {
        "amperaje": "Save across director",
        "capacidad": "Fund may ball force.",
        "peso": "Agreement.",
        "tiempomediofallos": "0.05"
    }
},
{
    "model": "tiendaordenadores.discoduronvme",
    "pk": 40,
    "fields": {
        "amperaje": "Receive method her. ",
        "capacidad": "Charge camera.",
        "peso": "Couple.",
        "tiempomediofallos": "0.94"
    }
},
{
    "model": "tiendaordenadores.disipador",
    "pk": 1,
    "fields": {
        "vidautil": "Test analysis.",
        "socket": "Intel",
        "voltaje": "Perform.",
        "dimensiones": "Suggest.",
        "fechacreacion": "2024-10-20T21:15:09.742Z"
    }
},
{
    "model": "tiendaordenadores.disipador",
    "pk": 2,
    "fields": {
        "vidautil": "Take scene bank.",
        "socket": "Intel",
        "voltaje": "Stop nice.",
        "dimensiones": "Million.",
        "fechacreacion": "2024-10-20T21:15:09.742Z"
    }
},
{
    "model": "tiendaordenadores.disipador",
    "pk": 3,
    "fields": {
        "vidautil": "Mother later.",
        "socket": "Ryzen",
        "voltaje": "Six.",
        "dimensiones": "Account.",
        "fechacreacion": "2024-10-20T21:15:09.742Z"
    }
},
{
    "model": "tiendaordenadores.disipador",
    "pk": 4,
    "fields": {
        "vidautil": "Possible receive.",
        "socket": "Ryzen",
        "voltaje": "Take car.",
        "dimensiones": "Debate.",
        "fechacreacion": "2024-10-20T21:15:09.742Z"
    }
},
{
    "model": "tiendaordenadores.disipador",
    "pk": 5,
    "fields": {
        "vidautil": "Difficult answer.",
        "socket": "Ryzen",
        "voltaje": "Any up.",
        "dimensiones": "Research.",
        "fechacreacion": "2024-10-20T21:15:09.742Z"
    }
},
{
    "model": "tiendaordenadores.disipador",
    "pk": 6,
    "fields": {
        "vidautil": "Different from.",
        "socket": "Intel",
        "voltaje": "Father.",
        "dimensiones": "Skin.",
        "fechacreacion": "2024-10-20T21:15:09.742Z"
    }
},
{
    "model": "tiendaordenadores.disipador",
    "pk": 7,
    "fields": {
        "vidautil": "Senior should stage.",
        "socket": "Ryzen",
        "voltaje": "Miss.",
        "dimensiones": "Design.",
        "fechacreacion": "2024-10-20T21:15:09.742Z"
    }
},
{
    "model": "tiendaordenadores.disipador",
    "pk": 8,
    "fields": {
        "vidautil": "Power energy term.",
        "socket": "Ryzen",
        "voltaje": "Finally.",
        "dimensiones": "Recent.",
        "fechacreacion": "2024-10-20T21:15:09.742Z"
    }
},
{
    "model": "tiendaordenadores.disipador",
    "pk": 9,
    "fields": {
        "vidautil": "Similar about.",
        "socket": "Ryzen",
        "voltaje": "Above.",
        "dimensiones": "Our end.",
        "fechacreacion": "2024-10-20T21:15:09.742Z"
    }
},
{
    "model": "tiendaordenadores.disipador",
    "pk": 10,
    "fields": {
        "vidautil": "Evening claim pull.",
        "socket": "Intel",
        "voltaje": "Fire.",
        "dimensiones": "Letter.",
        "fechacreacion": "2024-10-20T21:15:09.742Z"
    }
},
{
    "model": "tiendaordenadores.disipador",
    "pk": 11,
    "fields": {
        "vidautil": "Line line cover.",
        "socket": "Ryzen",
        "voltaje": "Fear fill.",
        "dimensiones": "Up.",
        "fechacreacion": "2024-10-20T21:15:09.742Z"
    }
},
{
    "model": "tiendaordenadores.disipador",
    "pk": 12,
    "fields": {
        "vidautil": "Environmental.",
        "socket": "Ryzen",
        "voltaje": "White.",
        "dimensiones": "Step.",
        "fechacreacion": "2024-10-20T21:15:09.742Z"
    }
},
{
    "model": "tiendaordenadores.disipador",
    "pk": 13,
    "fields": {
        "vidautil": "Ability one.",
        "socket": "Ryzen",
        "voltaje": "Process.",
        "dimensiones": "Same.",
        "fechacreacion": "2024-10-20T21:15:09.742Z"
    }
},
{
    "model": "tiendaordenadores.disipador",
    "pk": 14,
    "fields": {
        "vidautil": "Soon often image.",
        "socket": "Intel",
        "voltaje": "Focus.",
        "dimensiones": "Trouble.",
        "fechacreacion": "2024-10-20T21:15:09.742Z"
    }
},
{
    "model": "tiendaordenadores.disipador",
    "pk": 15,
    "fields": {
        "vidautil": "Condition dark year.",
        "socket": "Ryzen",
        "voltaje": "Street.",
        "dimensiones": "Over we.",
        "fechacreacion": "2024-10-20T21:15:09.742Z"
    }
},
{
    "model": "tiendaordenadores.disipador",
    "pk": 16,
    "fields": {
        "vidautil": "East history level.",
        "socket": "Ryzen",
        "voltaje": "Happen.",
        "dimensiones": "Choice.",
        "fechacreacion": "2024-10-20T21:15:09.742Z"
    }
},
{
    "model": "tiendaordenadores.disipador",
    "pk": 17,
    "fields": {
        "vidautil": "Budget activity.",
        "socket": "Ryzen",
        "voltaje": "Push.",
        "dimensiones": "Leg.",
        "fechacreacion": "2024-10-20T21:15:09.742Z"
    }
},
{
    "model": "tiendaordenadores.disipador",
    "pk": 18,
    "fields": {
        "vidautil": "Speak activity.",
        "socket": "Intel",
        "voltaje": "Page from.",
        "dimensiones": "After gun.",
        "fechacreacion": "2024-10-20T21:15:09.742Z"
    }
},
{
    "model": "tiendaordenadores.disipador",
    "pk": 19,
    "fields": {
        "vidautil": "Affect send poor.",
        "socket": "Ryzen",
        "voltaje": "Tree.",
        "dimensiones": "Main.",
        "fechacreacion": "2024-10-20T21:15:09.742Z"
    }
},
{
    "model": "tiendaordenadores.disipador",
    "pk": 20,
    "fields": {
        "vidautil": "This speech should.",
        "socket": "Ryzen",
        "voltaje": "Land.",
        "dimensiones": "Join try.",
        "fechacreacion": "2024-10-20T21:15:09.742Z"
    }
},
{
    "model": "tiendaordenadores.disipador",
    "pk": 21,
    "fields": {
        "vidautil": "Order local perhaps.",
        "socket": "Ryzen",
        "voltaje": "Serve.",
        "dimensiones": "Cover.",
        "fechacreacion": "2024-10-20T21:15:09.742Z"
    }
},
{
    "model": "tiendaordenadores.disipador",
    "pk": 22,
    "fields": {
        "vidautil": "Consider structure.",
        "socket": "Intel",
        "voltaje": "Market.",
        "dimensiones": "Wide year.",
        "fechacreacion": "2024-10-20T21:15:09.742Z"
    }
},
{
    "model": "tiendaordenadores.disipador",
    "pk": 23,
    "fields": {
        "vidautil": "Increase paper bad.",
        "socket": "Ryzen",
        "voltaje": "My.",
        "dimensiones": "Lead.",
        "fechacreacion": "2024-10-20T21:15:09.742Z"
    }
},
{
    "model": "tiendaordenadores.disipador",
    "pk": 24,
    "fields": {
        "vidautil": "Plan create about.",
        "socket": "Ryzen",
        "voltaje": "Law key.",
        "dimensiones": "Direction.",
        "fechacreacion": "2024-10-20T21:15:09.742Z"
    }
},
{
    "model": "tiendaordenadores.disipador",
    "pk": 25,
    "fields": {
        "vidautil": "Car send argue.",
        "socket": "Ryzen",
        "voltaje": "Real.",
        "dimensiones": "Cost if.",
        "fechacreacion": "2024-10-20T21:15:09.742Z"
    }
},
{
    "model": "tiendaordenadores.disipador",
    "pk": 26,
    "fields": {
        "vidautil": "A coach speak.",
        "socket": "Ryzen",
        "voltaje": "Many into.",
        "dimensiones": "Although.",
        "fechacreacion": "2024-10-20T21:15:09.742Z"
    }
},
{
    "model": "tiendaordenadores.disipador",
    "pk": 27,
    "fields": {
        "vidautil": "Price tonight.",
        "socket": "Ryzen",
        "voltaje": "Black.",
        "dimensiones": "Debate.",
        "fechacreacion": "2024-10-20T21:15:09.742Z"
    }
},
{
    "model": "tiendaordenadores.disipador",
    "pk": 28,
    "fields": {
        "vidautil": "Increase memory.",
        "socket": "Ryzen",
        "voltaje": "Modern.",
        "dimensiones": "Allow.",
        "fechacreacion": "2024-10-20T21:15:09.742Z"
    }
},
{
    "model": "tiendaordenadores.disipador",
    "pk": 29,
    "fields": {
        "vidautil": "Season own mouth.",
        "socket": "Ryzen",
        "voltaje": "Condition.",
        "dimensiones": "Identify.",
        "fechacreacion": "2024-10-20T21:15:09.742Z"
    }
},
{
    "model": "tiendaordenadores.disipador",
    "pk": 30,
    "fields": {
        "vidautil": "Memory doctor.",
        "socket": "Ryzen",
        "voltaje": "Finally.",
        "dimensiones": "Media.",
        "fechacreacion": "2024-10-20T21:15:09.742Z"
    }
},
{
    "model": "tiendaordenadores.disipador",
    "pk": 31,
    "fields": {
        "vidautil": "Your another.",
        "socket": "Intel",
        "voltaje": "Who key.",
        "dimensiones": "Authority.",
        "fechacreacion": "2024-10-20T21:15:09.742Z"
    }
},
{
    "model": "tiendaordenadores.disipador",
    "pk": 32,
    "fields": {
        "vidautil": "President section.",
        "socket": "Intel",
        "voltaje": "Small.",
        "dimensiones": "Natural.",
        "fechacreacion": "2024-10-20T21:15:09.742Z"
    }
},
{
    "model": "tiendaordenadores.disipador",
    "pk": 33,
    "fields": {
        "vidautil": "Civil instead that.",
        "socket": "Ryzen",
        "voltaje": "Rest.",
        "dimensiones": "Financial.",
        "fechacreacion": "2024-10-20T21:15:09.742Z"
    }
},
{
    "model": "tiendaordenadores.disipador",
    "pk": 34,
    "fields": {
        "vidautil": "Into radio probably.",
        "socket": "Ryzen",
        "voltaje": "Result.",
        "dimensiones": "Continue.",
        "fechacreacion": "2024-10-20T21:15:09.742Z"
    }
},
{
    "model": "tiendaordenadores.disipador",
    "pk": 35,
    "fields": {
        "vidautil": "Too condition.",
        "socket": "Intel",
        "voltaje": "Who.",
        "dimensiones": "End tree.",
        "fechacreacion": "2024-10-20T21:15:09.742Z"
    }
},
{
    "model": "tiendaordenadores.disipador",
    "pk": 36,
    "fields": {
        "vidautil": "Significant role.",
        "socket": "Intel",
        "voltaje": "Treat.",
        "dimensiones": "Boy help.",
        "fechacreacion": "2024-10-20T21:15:09.742Z"
    }
},
{
    "model": "tiendaordenadores.disipador",
    "pk": 37,
    "fields": {
        "vidautil": "Whose hot number.",
        "socket": "Intel",
        "voltaje": "Thought.",
        "dimensiones": "So none.",
        "fechacreacion": "2024-10-20T21:15:09.742Z"
    }
},
{
    "model": "tiendaordenadores.disipador",
    "pk": 38,
    "fields": {
        "vidautil": "Positive evening.",
        "socket": "Ryzen",
        "voltaje": "Rule.",
        "dimensiones": "Far lead.",
        "fechacreacion": "2024-10-20T21:15:09.742Z"
    }
},
{
    "model": "tiendaordenadores.disipador",
    "pk": 39,
    "fields": {
        "vidautil": "Mind color yard.",
        "socket": "Ryzen",
        "voltaje": "My with.",
        "dimensiones": "Shake.",
        "fechacreacion": "2024-10-20T21:15:09.742Z"
    }
},
{
    "model": "tiendaordenadores.disipador",
    "pk": 40,
    "fields": {
        "vidautil": "How pass soldier.",
        "socket": "Intel",
        "voltaje": "Board.",
        "dimensiones": "Talk.",
        "fechacreacion": "2024-10-20T21:15:09.742Z"
    }
},
{
    "model": "tiendaordenadores.graficaprocesador",
    "pk": 1,
    "fields": {
        "grafica": 37,
        "procesador": 26,
        "cuellodebotella": true
    }
},
{
    "model": "tiendaordenadores.graficaprocesador",
    "pk": 2,
    "fields": {
        "grafica": 10,
        "procesador": 9,
        "cuellodebotella": true
    }
},
{
    "model": "tiendaordenadores.graficaprocesador",
    "pk": 3,
    "fields": {
        "grafica": 1,
        "procesador": 6,
        "cuellodebotella": false
    }
},
{
    "model": "tiendaordenadores.graficaprocesador",
    "pk": 4,
    "fields": {
        "grafica": 29,
        "procesador": 14,
        "cuellodebotella": false
    }
},
{
    "model": "tiendaordenadores.graficaprocesador",
    "pk": 5,
    "fields": {
        "grafica": 35,
        "procesador": 9,
        "cuellodebotella": false
    }
},
{
    "model": "tiendaordenadores.graficaprocesador",
    "pk": 6,
    "fields": {
        "grafica": 28,
        "procesador": 7,
        "cuellodebotella": true
    }
},
{
    "model": "tiendaordenadores.graficaprocesador",
    "pk": 7,
    "fields": {
        "grafica": 36,
        "procesador": 5,
        "cuellodebotella": true
    }
},
{
    "model": "tiendaordenadores.graficaprocesador",
    "pk": 8,
    "fields": {
        "grafica": 33,
        "procesador": 4,
        "cuellodebotella": false
    }
},
{
    "model": "tiendaordenadores.graficaprocesador",
    "pk": 9,
    "fields": {
        "grafica": 20,
        "procesador": 24,
        "cuellodebotella": true
    }
},
{
    "model": "tiendaordenadores.graficaprocesador",
    "pk": 10,
    "fields": {
        "grafica": 5,
        "procesador": 6,
        "cuellodebotella": true
    }
},
{
    "model": "tiendaordenadores.graficaprocesador",
    "pk": 11,
    "fields": {
        "grafica": 5,
        "procesador": 35,
        "cuellodebotella": false
    }
},
{
    "model": "tiendaordenadores.graficaprocesador",
    "pk": 12,
    "fields": {
        "grafica": 17,
        "procesador": 15,
        "cuellodebotella": false
    }
},
{
    "model": "tiendaordenadores.graficaprocesador",
    "pk": 13,
    "fields": {
        "grafica": 24,
        "procesador": 32,
        "cuellodebotella": true
    }
},
{
    "model": "tiendaordenadores.graficaprocesador",
    "pk": 14,
    "fields": {
        "grafica": 26,
        "procesador": 1,
        "cuellodebotella": true
    }
},
{
    "model": "tiendaordenadores.graficaprocesador",
    "pk": 15,
    "fields": {
        "grafica": 18,
        "procesador": 11,
        "cuellodebotella": true
    }
},
{
    "model": "tiendaordenadores.graficaprocesador",
    "pk": 16,
    "fields": {
        "grafica": 28,
        "procesador": 9,
        "cuellodebotella": false
    }
},
{
    "model": "tiendaordenadores.graficaprocesador",
    "pk": 17,
    "fields": {
        "grafica": 14,
        "procesador": 36,
        "cuellodebotella": false
    }
},
{
    "model": "tiendaordenadores.graficaprocesador",
    "pk": 18,
    "fields": {
        "grafica": 37,
        "procesador": 28,
        "cuellodebotella": true
    }
},
{
    "model": "tiendaordenadores.graficaprocesador",
    "pk": 19,
    "fields": {
        "grafica": 5,
        "procesador": 10,
        "cuellodebotella": false
    }
},
{
    "model": "tiendaordenadores.graficaprocesador",
    "pk": 20,
    "fields": {
        "grafica": 39,
        "procesador": 17,
        "cuellodebotella": true
    }
},
{
    "model": "tiendaordenadores.graficaprocesador",
    "pk": 21,
    "fields": {
        "grafica": 3,
        "procesador": 19,
        "cuellodebotella": false
    }
},
{
    "model": "tiendaordenadores.graficaprocesador",
    "pk": 22,
    "fields": {
        "grafica": 35,
        "procesador": 11,
        "cuellodebotella": true
    }
},
{
    "model": "tiendaordenadores.graficaprocesador",
    "pk": 23,
    "fields": {
        "grafica": 1,
        "procesador": 4,
        "cuellodebotella": false
    }
},
{
    "model": "tiendaordenadores.graficaprocesador",
    "pk": 24,
    "fields": {
        "grafica": 39,
        "procesador": 25,
        "cuellodebotella": false
    }
},
{
    "model": "tiendaordenadores.graficaprocesador",
    "pk": 25,
    "fields": {
        "grafica": 30,
        "procesador": 19,
        "cuellodebotella": false
    }
},
{
    "model": "tiendaordenadores.graficaprocesador",
    "pk": 26,
    "fields": {
        "grafica": 30,
        "procesador": 14,
        "cuellodebotella": false
    }
},
{
    "model": "tiendaordenadores.graficaprocesador",
    "pk": 27,
    "fields": {
        "grafica": 28,
        "procesador": 16,
        "cuellodebotella": false
    }
},
{
    "model": "tiendaordenadores.graficaprocesador",
    "pk": 28,
    "fields": {
        "grafica": 37,
        "procesador": 23,
        "cuellodebotella": false
    }
},
{
    "model": "tiendaordenadores.graficaprocesador",
    "pk": 29,
    "fields": {
        "grafica": 30,
        "procesador": 32,
        "cuellodebotella": false
    }
},
{
    "model": "tiendaordenadores.graficaprocesador",
    "pk": 30,
    "fields": {
        "grafica": 5,
        "procesador": 13,
        "cuellodebotella": true
    }
},
{
    "model": "tiendaordenadores.graficaprocesador",
    "pk": 31,
    "fields": {
        "grafica": 30,
        "procesador": 6,
        "cuellodebotella": true
    }
},
{
    "model": "tiendaordenadores.graficaprocesador",
    "pk": 32,
    "fields": {
        "grafica": 11,
        "procesador": 40,
        "cuellodebotella": true
    }
},
{
    "model": "tiendaordenadores.graficaprocesador",
    "pk": 33,
    "fields": {
        "grafica": 29,
        "procesador": 20,
        "cuellodebotella": true
    }
},
{
    "model": "tiendaordenadores.graficaprocesador",
    "pk": 34,
    "fields": {
        "grafica": 9,
        "procesador": 24,
        "cuellodebotella": true
    }
},
{
    "model": "tiendaordenadores.graficaprocesador",
    "pk": 35,
    "fields": {
        "grafica": 26,
        "procesador": 26,
        "cuellodebotella": true
    }
},
{
    "model": "tiendaordenadores.graficaprocesador",
    "pk": 36,
    "fields": {
        "grafica": 2,
        "procesador": 5,
        "cuellodebotella": false
    }
},
{
    "model": "tiendaordenadores.graficaprocesador",
    "pk": 37,
    "fields": {
        "grafica": 24,
        "procesador": 33,
        "cuellodebotella": true
    }
},
{
    "model": "tiendaordenadores.graficaprocesador",
    "pk": 38,
    "fields": {
        "grafica": 23,
        "procesador": 37,
        "cuellodebotella": false
    }
},
{
    "model": "tiendaordenadores.graficaprocesador",
    "pk": 39,
    "fields": {
        "grafica": 7,
        "procesador": 15,
        "cuellodebotella": false
    }
},
{
    "model": "tiendaordenadores.graficaprocesador",
    "pk": 40,
    "fields": {
        "grafica": 40,
        "procesador": 14,
        "cuellodebotella": false
    }
},
{
    "model": "tiendaordenadores.monitorgrafica",
    "pk": 1,
    "fields": {
        "monitor": 34,
        "grafica": 34
    }
},
{
    "model": "tiendaordenadores.monitorgrafica",
    "pk": 2,
    "fields": {
        "monitor": 28,
        "grafica": 29
    }
},
{
    "model": "tiendaordenadores.monitorgrafica",
    "pk": 3,
    "fields": {
        "monitor": 7,
        "grafica": 20
    }
},
{
    "model": "tiendaordenadores.monitorgrafica",
    "pk": 4,
    "fields": {
        "monitor": 31,
        "grafica": 24
    }
},
{
    "model": "tiendaordenadores.monitorgrafica",
    "pk": 5,
    "fields": {
        "monitor": 38,
        "grafica": 12
    }
},
{
    "model": "tiendaordenadores.monitorgrafica",
    "pk": 6,
    "fields": {
        "monitor": 17,
        "grafica": 30
    }
},
{
    "model": "tiendaordenadores.monitorgrafica",
    "pk": 7,
    "fields": {
        "monitor": 28,
        "grafica": 5
    }
},
{
    "model": "tiendaordenadores.monitorgrafica",
    "pk": 8,
    "fields": {
        "monitor": 23,
        "grafica": 13
    }
},
{
    "model": "tiendaordenadores.monitorgrafica",
    "pk": 9,
    "fields": {
        "monitor": 16,
        "grafica": 21
    }
},
{
    "model": "tiendaordenadores.monitorgrafica",
    "pk": 10,
    "fields": {
        "monitor": 31,
        "grafica": 2
    }
},
{
    "model": "tiendaordenadores.monitorgrafica",
    "pk": 11,
    "fields": {
        "monitor": 27,
        "grafica": 38
    }
},
{
    "model": "tiendaordenadores.monitorgrafica",
    "pk": 12,
    "fields": {
        "monitor": 5,
        "grafica": 12
    }
},
{
    "model": "tiendaordenadores.monitorgrafica",
    "pk": 13,
    "fields": {
        "monitor": 28,
        "grafica": 30
    }
},
{
    "model": "tiendaordenadores.monitorgrafica",
    "pk": 14,
    "fields": {
        "monitor": 8,
        "grafica": 4
    }
},
{
    "model": "tiendaordenadores.monitorgrafica",
    "pk": 15,
    "fields": {
        "monitor": 32,
        "grafica": 27
    }
},
{
    "model": "tiendaordenadores.monitorgrafica",
    "pk": 16,
    "fields": {
        "monitor": 11,
        "grafica": 2
    }
},
{
    "model": "tiendaordenadores.monitorgrafica",
    "pk": 17,
    "fields": {
        "monitor": 6,
        "grafica": 25
    }
},
{
    "model": "tiendaordenadores.monitorgrafica",
    "pk": 18,
    "fields": {
        "monitor": 13,
        "grafica": 21
    }
},
{
    "model": "tiendaordenadores.monitorgrafica",
    "pk": 19,
    "fields": {
        "monitor": 31,
        "grafica": 12
    }
},
{
    "model": "tiendaordenadores.monitorgrafica",
    "pk": 20,
    "fields": {
        "monitor": 2,
        "grafica": 1
    }
},
{
    "model": "tiendaordenadores.monitorgrafica",
    "pk": 21,
    "fields": {
        "monitor": 4,
        "grafica": 26
    }
},
{
    "model": "tiendaordenadores.monitorgrafica",
    "pk": 22,
    "fields": {
        "monitor": 10,
        "grafica": 27
    }
},
{
    "model": "tiendaordenadores.monitorgrafica",
    "pk": 23,
    "fields": {
        "monitor": 37,
        "grafica": 35
    }
},
{
    "model": "tiendaordenadores.monitorgrafica",
    "pk": 24,
    "fields": {
        "monitor": 29,
        "grafica": 31
    }
},
{
    "model": "tiendaordenadores.monitorgrafica",
    "pk": 25,
    "fields": {
        "monitor": 26,
        "grafica": 2
    }
},
{
    "model": "tiendaordenadores.monitorgrafica",
    "pk": 26,
    "fields": {
        "monitor": 2,
        "grafica": 5
    }
},
{
    "model": "tiendaordenadores.monitorgrafica",
    "pk": 27,
    "fields": {
        "monitor": 16,
        "grafica": 22
    }
},
{
    "model": "tiendaordenadores.monitorgrafica",
    "pk": 28,
    "fields": {
        "monitor": 3,
        "grafica": 20
    }
},
{
    "model": "tiendaordenadores.monitorgrafica",
    "pk": 29,
    "fields": {
        "monitor": 29,
        "grafica": 17
    }
},
{
    "model": "tiendaordenadores.monitorgrafica",
    "pk": 30,
    "fields": {
        "monitor": 26,
        "grafica": 15
    }
},
{
    "model": "tiendaordenadores.monitorgrafica",
    "pk": 31,
    "fields": {
        "monitor": 24,
        "grafica": 8
    }
},
{
    "model": "tiendaordenadores.monitorgrafica",
    "pk": 32,
    "fields": {
        "monitor": 20,
        "grafica": 22
    }
},
{
    "model": "tiendaordenadores.monitorgrafica",
    "pk": 33,
    "fields": {
        "monitor": 34,
        "grafica": 10
    }
},
{
    "model": "tiendaordenadores.monitorgrafica",
    "pk": 34,
    "fields": {
        "monitor": 7,
        "grafica": 12
    }
},
{
    "model": "tiendaordenadores.monitorgrafica",
    "pk": 35,
    "fields": {
        "monitor": 39,
        "grafica": 3
    }
},
{
    "model": "tiendaordenadores.monitorgrafica",
    "pk": 36,
    "fields": {
        "monitor": 38,
        "grafica": 8
    }
},
{
    "model": "tiendaordenadores.monitorgrafica",
    "pk": 37,
    "fields": {
        "monitor": 16,
        "grafica": 18
    }
},
{
    "model": "tiendaordenadores.monitorgrafica",
    "pk": 38,
    "fields": {
        "monitor": 4,
        "grafica": 39
    }
},
{
    "model": "tiendaordenadores.monitorgrafica",
    "pk": 39,
    "fields": {
        "monitor": 20,
        "grafica": 31
    }
},
{
    "model": "tiendaordenadores.monitorgrafica",
    "pk": 40,
    "fields": {
        "monitor": 1,
        "grafica": 36
    }
},
{
    "model": "tiendaordenadores.placabasedisipador",
    "pk": 1,
    "fields": {
        "placabase": 32,
        "disipador": 14
    }
},
{
    "model": "tiendaordenadores.placabasedisipador",
    "pk": 2,
    "fields": {
        "placabase": 6,
        "disipador": 12
    }
},
{
    "model": "tiendaordenadores.placabasedisipador",
    "pk": 3,
    "fields": {
        "placabase": 32,
        "disipador": 28
    }
},
{
    "model": "tiendaordenadores.placabasedisipador",
    "pk": 4,
    "fields": {
        "placabase": 3,
        "disipador": 28
    }
},
{
    "model": "tiendaordenadores.placabasedisipador",
    "pk": 5,
    "fields": {
        "placabase": 33,
        "disipador": 4
    }
},
{
    "model": "tiendaordenadores.placabasedisipador",
    "pk": 6,
    "fields": {
        "placabase": 24,
        "disipador": 40
    }
},
{
    "model": "tiendaordenadores.placabasedisipador",
    "pk": 7,
    "fields": {
        "placabase": 16,
        "disipador": 34
    }
},
{
    "model": "tiendaordenadores.placabasedisipador",
    "pk": 8,
    "fields": {
        "placabase": 4,
        "disipador": 14
    }
},
{
    "model": "tiendaordenadores.placabasedisipador",
    "pk": 9,
    "fields": {
        "placabase": 18,
        "disipador": 2
    }
},
{
    "model": "tiendaordenadores.placabasedisipador",
    "pk": 10,
    "fields": {
        "placabase": 23,
        "disipador": 28
    }
},
{
    "model": "tiendaordenadores.placabasedisipador",
    "pk": 11,
    "fields": {
        "placabase": 27,
        "disipador": 25
    }
},
{
    "model": "tiendaordenadores.placabasedisipador",
    "pk": 12,
    "fields": {
        "placabase": 1,
        "disipador": 25
    }
},
{
    "model": "tiendaordenadores.placabasedisipador",
    "pk": 13,
    "fields": {
        "placabase": 11,
        "disipador": 26
    }
},
{
    "model": "tiendaordenadores.placabasedisipador",
    "pk": 14,
    "fields": {
        "placabase": 17,
        "disipador": 5
    }
},
{
    "model": "tiendaordenadores.placabasedisipador",
    "pk": 15,
    "fields": {
        "placabase": 7,
        "disipador": 31
    }
},
{
    "model": "tiendaordenadores.placabasedisipador",
    "pk": 16,
    "fields": {
        "placabase": 32,
        "disipador": 2
    }
},
{
    "model": "tiendaordenadores.placabasedisipador",
    "pk": 17,
    "fields": {
        "placabase": 38,
        "disipador": 30
    }
},
{
    "model": "tiendaordenadores.placabasedisipador",
    "pk": 18,
    "fields": {
        "placabase": 40,
        "disipador": 7
    }
},
{
    "model": "tiendaordenadores.placabasedisipador",
    "pk": 19,
    "fields": {
        "placabase": 16,
        "disipador": 27
    }
},
{
    "model": "tiendaordenadores.placabasedisipador",
    "pk": 20,
    "fields": {
        "placabase": 39,
        "disipador": 8
    }
},
{
    "model": "tiendaordenadores.placabasedisipador",
    "pk": 21,
    "fields": {
        "placabase": 29,
        "disipador": 3
    }
},
{
    "model": "tiendaordenadores.placabasedisipador",
    "pk": 22,
    "fields": {
        "placabase": 38,
        "disipador": 20
    }
},
{
    "model": "tiendaordenadores.placabasedisipador",
    "pk": 23,
    "fields": {
        "placabase": 19,
        "disipador": 2
    }
},
{
    "model": "tiendaordenadores.placabasedisipador",
    "pk": 24,
    "fields": {
        "placabase": 37,
        "disipador": 11
    }
},
{
    "model": "tiendaordenadores.placabasedisipador",
    "pk": 25,
    "fields": {
        "placabase": 26,
        "disipador": 38
    }
},
{
    "model": "tiendaordenadores.placabasedisipador",
    "pk": 26,
    "fields": {
        "placabase": 36,
        "disipador": 24
    }
},
{
    "model": "tiendaordenadores.placabasedisipador",
    "pk": 27,
    "fields": {
        "placabase": 37,
        "disipador": 8
    }
},
{
    "model": "tiendaordenadores.placabasedisipador",
    "pk": 28,
    "fields": {
        "placabase": 39,
        "disipador": 14
    }
},
{
    "model": "tiendaordenadores.placabasedisipador",
    "pk": 29,
    "fields": {
        "placabase": 34,
        "disipador": 15
    }
},
{
    "model": "tiendaordenadores.placabasedisipador",
    "pk": 30,
    "fields": {
        "placabase": 17,
        "disipador": 28
    }
},
{
    "model": "tiendaordenadores.placabasedisipador",
    "pk": 31,
    "fields": {
        "placabase": 8,
        "disipador": 1
    }
},
{
    "model": "tiendaordenadores.placabasedisipador",
    "pk": 32,
    "fields": {
        "placabase": 2,
        "disipador": 37
    }
},
{
    "model": "tiendaordenadores.placabasedisipador",
    "pk": 33,
    "fields": {
        "placabase": 20,
        "disipador": 8
    }
},
{
    "model": "tiendaordenadores.placabasedisipador",
    "pk": 34,
    "fields": {
        "placabase": 17,
        "disipador": 36
    }
},
{
    "model": "tiendaordenadores.placabasedisipador",
    "pk": 35,
    "fields": {
        "placabase": 21,
        "disipador": 22
    }
},
{
    "model": "tiendaordenadores.placabasedisipador",
    "pk": 36,
    "fields": {
        "placabase": 37,
        "disipador": 16
    }
},
{
    "model": "tiendaordenadores.placabasedisipador",
    "pk": 37,
    "fields": {
        "placabase": 29,
        "disipador": 22
    }
},
{
    "model": "tiendaordenadores.placabasedisipador",
    "pk": 38,
    "fields": {
        "placabase": 14,
        "disipador": 18
    }
},
{
    "model": "tiendaordenadores.placabasedisipador",
    "pk": 39,
    "fields": {
        "placabase": 8,
        "disipador": 26
    }
},
{
    "model": "tiendaordenadores.placabasedisipador",
    "pk": 40,
    "fields": {
        "placabase": 9,
        "disipador": 14
    }
}
]
